城市名称,年份,从业人员数,第一产业从业人员数,第二产业从业人员数,第三产业从业人员数,农村居民消费支出,农村居民人均收入,城镇居民消费支出,城镇居民人均收入,人均消费支出,人均可支配收入,城镇失业率,城镇化率,工资水平,人口密度（人/平方公里）,常住人口（万人）,户籍人口（万人）
city1,2001,,,,,,,,,,,3.0,,10340.0,,,
city1,2002,,,,,,,,,,,4.0,,13044.0,,,
city1,2003,147.0,0.0,57.0,41.0,,,,,,,4.0,,16648.0,,,
city1,2004,150.0,0.0,63.0,43.0,,,,,,,4.0,,19968.0,,,
city1,2005,158.0,0.0,66.0,50.0,,,,,,,4.0,,22024.0,469.0,,
city1,2006,162.0,0.0,71.0,52.0,,,,,,,4.0,,23872.0,477.0,272.0,258.0
city1,2007,183.0,0.0,81.0,66.0,,,,,,,4.0,48.0,26040.0,483.0,277.0,258.0
city1,2008,199.0,0.0,87.0,77.0,,,,,,,3.0,49.0,28504.0,486.0,280.0,258.0
city1,2009,199.0,0.0,87.0,77.0,,,,,,,3.0,50.0,31456.0,491.0,282.0,259.0
city1,2010,180.0,0.0,89.0,56.0,,,,,,,3.0,51.0,33840.0,499.0,285.0,259.0
city1,2011,180.0,0.0,91.0,59.0,,,,,,,3.0,53.0,36484.0,500.0,289.0,260.0
city1,2012,180.0,0.0,92.0,62.0,,,,,,,3.0,53.0,41104.0,501.0,290.0,261.0
city1,2013,181.0,0.0,92.0,64.0,12440.0,20256.0,,35750.0,,,3.0,55.0,46288.0,503.0,291.0,261.0
city1,2014,183.0,0.0,94.0,65.0,14836.0,22404.0,23196.0,38955.0,,,3.0,56.0,49888.0,505.0,292.0,262.0
city1,2015,184.0,0.0,95.0,67.0,16112.0,24408.0,24872.0,42235.0,20356.0,31508.0,3.0,57.0,56444.0,509.0,293.0,264.0
city1,2016,187.0,0.0,96.0,69.0,17608.0,26508.0,26812.0,45790.0,22020.0,34248.0,3.0,59.0,61200.0,513.0,295.0,264.0
city1,2017,189.0,0.0,96.0,72.0,18664.0,28996.0,27728.0,49930.0,23216.0,37192.0,2.0,61.0,65048.0,516.0,298.0,265.0
city1,2018,192.0,0.0,96.0,74.0,20716.0,31764.0,28960.0,54390.0,24420.0,40700.0,2.0,62.0,72332.0,522.0,300.0,266.0
city1,2019,194.0,0.0,95.0,79.0,22612.0,34800.0,31828.0,59025.0,26964.0,44484.0,2.0,64.0,81616.0,528.0,303.0,267.0
city1,2020,,,,,22984.0,37244.0,34916.0,61740.0,29656.0,48672.0,2.0,65.0,89618.0,581.0,306.0,268.0
city1,2021,199.0,0.0,101.0,89.0,27132.0,41300.0,35488.0,67980.0,30412.0,51800.0,2.0,66.0,97620.0,587.0,337.0,268.0
city1,2022,,,,,29356.0,44112.0,41532.0,71040.0,35870.0,57492.0,2.0,66.0,97620.0,588.0,,
city2,2000,,,,,,,,,,,3.0,,11984.0,,,
city2,2001,,,,,,,,,,,4.0,,11984.0,937.0,509.0,0.0
city2,2002,223.0,45.0,111.0,67.0,,,,,,,4.0,,13780.0,916.0,,
city2,2003,260.0,39.0,140.0,81.0,,,,,,,4.0,,15796.0,924.0,,
city2,2004,275.0,35.0,150.0,89.0,,,,,,,3.0,,18928.0,934.0,,
city2,2005,289.0,34.0,159.0,96.0,,,,,,,3.0,,22124.0,946.0,,
city2,2006,308.0,30.0,172.0,106.0,,,,,,,3.0,,25600.0,956.0,,
city2,2007,325.0,28.0,183.0,114.0,,,,,,,3.0,67.0,29656.0,964.0,584.0,458.0
city2,2008,350.0,26.0,199.0,125.0,,,,,,,3.0,67.0,34372.0,970.0,599.0,462.0
city2,2009,364.0,24.0,200.0,140.0,,,,,,,3.0,68.0,38844.0,973.0,611.0,464.0
city2,2010,382.0,23.0,210.0,149.0,,,,,,,3.0,68.0,43344.0,1008.0,620.0,466.0
city2,2011,386.0,20.0,212.0,154.0,,,,,,,3.0,71.0,47004.0,1011.0,638.0,467.0
city2,2012,389.0,18.0,224.0,147.0,,18508.0,,35660.0,,,2.0,72.0,51516.0,1016.0,643.0,468.0
city2,2013,389.0,18.0,223.0,149.0,,20584.0,,38995.0,,,2.0,73.0,56884.0,1401.0,647.0,470.0
city2,2014,390.0,18.0,221.0,151.0,,22264.0,,41730.0,,,2.0,74.0,60580.0,1031.0,648.0,472.0
city2,2015,390.0,18.0,219.0,153.0,,24152.0,,45125.0,,,2.0,75.0,68024.0,1040.0,650.0,477.0
city2,2016,387.0,17.0,215.0,155.0,,26156.0,,48625.0,,,2.0,75.0,76016.0,1990.0,651.0,481.0
city2,2017,387.0,17.0,215.0,155.0,,28356.0,,52655.0,,,2.0,76.0,84928.0,,653.0,486.0
city2,2018,388.0,16.0,214.0,159.0,,30784.0,,56985.0,,,2.0,76.0,89548.0,2052.0,655.0,493.0
city2,2019,387.0,15.0,213.0,159.0,,33572.0,,61915.0,,,2.0,76.0,90284.0,2089.0,657.0,497.0
city2,2020,419.0,14.0,206.0,199.0,,35748.0,,64710.0,,,2.0,82.0,105756.0,,745.0,503.0
city2,2021,419.0,13.0,207.0,199.0,,39620.0,,70480.0,,,3.0,83.0,115748.0,,746.0,509.0
city2,2022,,,,,,41932.0,,73330.0,,,3.0,83.0,115748.0,,,
city4,2001,,,,,,,,,,,4.0,,11504.0,,,
city4,2002,,,,,,,,,,,4.0,,14732.0,,,
city4,2003,55.0,19.0,18.0,17.0,,,,,,,4.0,,16688.0,,,
city4,2004,56.0,16.0,19.0,21.0,,,,,,,4.0,,18776.0,,,
city4,2005,56.0,14.0,20.0,22.0,,,,,,,4.0,,22248.0,732.0,,
city4,2006,56.0,13.0,21.0,22.0,,,,,,,4.0,,25368.0,734.0,103.0,97.0
city4,2007,58.0,12.0,21.0,25.0,,,,,,,4.0,61.0,28440.0,739.0,103.0,97.0
city4,2008,63.0,11.0,27.0,26.0,,,,,,,4.0,61.0,33424.0,753.0,104.0,97.0
city4,2009,66.0,11.0,28.0,27.0,,,,,,,4.0,62.0,38700.0,759.0,105.0,97.0
city4,2010,67.0,11.0,26.0,29.0,,,,,,,3.0,62.0,40568.0,801.0,106.0,97.0
city4,2011,69.0,11.0,26.0,32.0,,,,,,,3.0,64.0,43632.0,812.0,112.0,97.0
city4,2012,73.0,10.0,25.0,37.0,,,,,,,3.0,64.0,52904.0,760.0,114.0,97.0
city4,2013,73.0,11.0,31.0,31.0,14608.0,21400.0,,37795.0,,,3.0,65.0,57280.0,761.0,114.0,97.0
city4,2014,74.0,10.0,30.0,34.0,16216.0,23780.0,25388.0,41465.0,,,3.0,66.0,61680.0,764.0,114.0,97.0
city4,2015,75.0,11.0,30.0,34.0,17612.0,25900.0,27804.0,44845.0,23784.0,35328.0,3.0,66.0,68964.0,768.0,115.0,97.0
city4,2016,75.0,11.0,30.0,34.0,19468.0,28308.0,30128.0,48420.0,25772.0,38252.0,3.0,67.0,74716.0,772.0,115.0,97.0
city4,2017,75.0,11.0,29.0,35.0,20472.0,30788.0,30760.0,52515.0,26908.0,41564.0,3.0,68.0,80308.0,779.0,116.0,97.0
city4,2018,75.0,11.0,29.0,35.0,22004.0,33812.0,32216.0,56620.0,28256.0,45192.0,2.0,68.0,93016.0,782.0,117.0,97.0
city4,2019,76.0,11.0,29.0,36.0,23888.0,36784.0,33824.0,61475.0,29988.0,49216.0,2.0,68.0,98392.0,784.0,117.0,97.0
city4,2020,,,,,23912.0,39096.0,36332.0,63700.0,32344.0,53568.0,2.0,69.0,106440.0,772.0,118.0,97.0
city4,2021,73.0,8.0,32.0,33.0,27828.0,42944.0,36476.0,69100.0,32456.0,55828.0,2.0,72.0,108492.0,777.0,116.0,96.0
city4,2022,,,,,29724.0,45924.0,42044.0,71965.0,37560.0,60846.0,1.0,72.0,108492.0,780.0,,
city5,2000,,,,,,,,,,,3.0,,11776.0,,,
city5,2001,,,,,,,,,,,4.0,,11776.0,684.0,679.0,0.0
city5,2002,324.0,62.0,161.0,101.0,,,,,,,4.0,,13668.0,688.0,,
city5,2003,346.0,55.0,195.0,96.0,,,,,,,4.0,,15920.0,696.0,,
city5,2004,363.0,49.0,211.0,103.0,,,,,,,4.0,,19788.0,706.0,,
city5,2005,398.0,43.0,232.0,123.0,,,,,,,3.0,,22508.0,715.0,,
city5,2006,431.0,36.0,264.0,132.0,,,,,,,3.0,,25012.0,726.0,,
city5,2007,483.0,34.0,307.0,143.0,,,,,,,3.0,65.0,28008.0,736.0,810.0,616.0
city5,2008,518.0,32.0,304.0,182.0,,,,,,,3.0,66.0,31400.0,742.0,882.0,624.0
city5,2009,550.0,30.0,314.0,206.0,,,,,,,3.0,66.0,36088.0,746.0,913.0,630.0
city5,2010,589.0,28.0,330.0,231.0,,,,,,,3.0,66.0,40260.0,751.0,937.0,633.0
city5,2011,609.0,26.0,336.0,247.0,,,,,,,3.0,71.0,45564.0,757.0,1047.0,638.0
city5,2012,694.0,25.0,427.0,242.0,,,,,,,3.0,71.0,51656.0,763.0,1052.0,642.0
city5,2013,695.0,25.0,426.0,244.0,,,,,,,2.0,72.0,57620.0,1246.0,1055.0,648.0
city5,2014,693.0,25.0,420.0,249.0,,,,,,,2.0,73.0,60528.0,764.0,1058.0,654.0
city5,2015,691.0,24.0,415.0,253.0,,,,,,,2.0,74.0,66956.0,770.0,1060.0,661.0
city5,2016,691.0,24.0,412.0,256.0,,,,,,,2.0,75.0,72288.0,2049.0,1062.0,667.0
city5,2017,691.0,24.0,412.0,256.0,,,,,,,2.0,76.0,79868.0,,1065.0,678.0
city5,2018,692.0,22.0,406.0,265.0,,,,,,,2.0,76.0,87348.0,2344.0,1068.0,691.0
city5,2019,693.0,21.0,404.0,268.0,,,,,,,2.0,76.0,94420.0,2520.0,1072.0,704.0
city5,2020,748.0,19.0,384.0,344.0,,,,,,,2.0,82.0,105572.0,,1271.0,723.0
city5,2021,749.0,18.0,386.0,345.0,,,,,,,2.0,82.0,113744.0,,1275.0,744.0
city5,2022,,,,,,,,,,,2.0,82.0,113744.0,,,
city6,2000,194.0,,,,,,,,,,3.0,,12496.0,,,
city6,2001,190.0,,,,,,,,,,4.0,,12496.0,1427.0,534.0,332.0
city6,2002,206.0,,,,,,,,,,3.0,,14220.0,1446.0,549.0,336.0
city6,2003,203.0,,,,,,,,,,2.0,,15872.0,1466.0,557.0,339.0
city6,2004,210.0,,,,,,,,,,2.0,,17640.0,1494.0,564.0,344.0
city6,2005,215.0,,,,,,,,,,2.0,,19560.0,1507.0,575.0,351.0
city6,2006,222.0,29.0,197.0,125.0,,,,,,,2.0,78.0,22116.0,1522.0,580.0,354.0
city6,2007,233.0,28.0,203.0,128.0,,,,,,,2.0,91.0,25204.0,1539.0,604.0,358.0
city6,2008,234.0,28.0,197.0,137.0,,,,,,,2.0,91.0,28328.0,1708.0,630.0,361.0
city6,2009,234.0,27.0,206.0,148.0,,,,,,,2.0,92.0,31044.0,1786.0,657.0,364.0
city6,2010,250.0,26.0,264.0,153.0,,,,,,,2.0,92.0,34062.0,1871.0,687.0,368.0
city6,2011,253.0,26.0,265.0,154.0,11184.0,13860.0,21992.0,30715.0,,,2.0,94.0,37080.0,1879.0,720.0,371.0
city6,2012,248.0,27.0,258.0,152.0,11456.0,15684.0,23780.0,34580.0,,,2.0,95.0,40664.0,1912.0,761.0,375.0
city6,2013,244.0,25.0,257.0,156.0,12692.0,17500.0,26164.0,38035.0,,,2.0,95.0,46204.0,1921.0,796.0,378.0
city6,2014,243.0,22.0,257.0,159.0,13472.0,20092.0,28308.0,36555.0,,,2.0,95.0,50352.0,1936.0,824.0,382.0
city6,2015,243.0,22.0,253.0,164.0,15048.0,22060.0,26040.0,39755.0,24848.0,35140.0,2.0,95.0,55676.0,2276.0,850.0,386.0
city6,2016,244.0,22.0,252.0,165.0,16736.0,24156.0,28396.0,43120.0,27712.0,38500.0,2.0,94.0,61808.0,2303.0,864.0,389.0
city6,2017,245.0,21.0,247.0,167.0,18260.0,26388.0,31300.0,46845.0,30560.0,41940.0,2.0,94.0,67184.0,2370.0,875.0,400.0
city6,2018,247.0,19.0,264.0,247.0,19904.0,28764.0,33448.0,50735.0,32648.0,45812.0,2.0,94.0,67184.0,2438.0,900.0,420.0
city6,2019,258.0,21.0,263.0,248.0,21820.0,31500.0,34800.0,55230.0,34052.0,49628.0,2.0,95.0,67184.0,2483.0,926.0,437.0
city6,2020,257.0,23.0,297.0,279.0,22256.0,33440.0,37968.0,57445.0,37160.0,54040.0,2.0,95.0,67184.0,2506.0,943.0,461.0
city6,2021,258.0,22.0,301.0,277.0,25032.0,37064.0,37664.0,62940.0,36936.0,56244.0,2.0,95.0,67184.0,2531.0,952.0,474.0
city6,2022,,,,,,,41324.0,,40540.0,61698.0,2.0,95.0,67184.0,,,
city7,2001,,,,,,,,,,,4.0,,11460.0,,,
city7,2002,,,,,,,,,,,4.0,,14728.0,,,
city7,2003,285.0,80.0,137.0,68.0,,,,,,,4.0,,16860.0,,,
city7,2004,285.0,75.0,140.0,70.0,,,,,,,4.0,,19692.0,,,
city7,2005,285.0,65.0,148.0,73.0,,,,,,,4.0,,21576.0,529.0,,
city7,2006,294.0,56.0,157.0,81.0,,,,,,,3.0,,24628.0,542.0,439.0,435.0
city7,2007,301.0,53.0,162.0,87.0,,,,,,,3.0,56.0,26912.0,552.0,450.0,436.0
city7,2008,315.0,53.0,170.0,93.0,,,,,,,3.0,57.0,29952.0,559.0,458.0,436.0
city7,2009,329.0,52.0,172.0,105.0,,,,,,,4.0,57.0,30636.0,567.0,464.0,437.0
city7,2010,342.0,51.0,181.0,110.0,,,,,,,3.0,58.0,32500.0,592.0,470.0,438.0
city7,2011,343.0,52.0,181.0,111.0,,,,,,,3.0,59.0,35124.0,594.0,491.0,439.0
city7,2012,344.0,51.0,180.0,112.0,,,,,,,3.0,59.0,39808.0,596.0,493.0,440.0
city7,2013,344.0,51.0,179.0,114.0,13868.0,21304.0,,39565.0,,,3.0,60.0,45612.0,596.0,494.0,441.0
city7,2014,346.0,46.0,179.0,120.0,15632.0,23536.0,24220.0,43165.0,,,3.0,61.0,49032.0,597.0,495.0,442.0
city7,2015,347.0,46.0,178.0,123.0,17120.0,25648.0,26228.0,46745.0,22000.0,35332.0,3.0,62.0,54764.0,599.0,496.0,443.0
city7,2016,348.0,46.0,178.0,124.0,17784.0,27744.0,28156.0,50305.0,23784.0,38388.0,2.0,63.0,58728.0,601.0,497.0,443.0
city7,2017,348.0,45.0,178.0,125.0,19216.0,30328.0,28856.0,54445.0,24540.0,41504.0,2.0,64.0,61392.0,604.0,499.0,445.0
city7,2018,347.0,45.0,175.0,127.0,20888.0,33096.0,30876.0,59045.0,26456.0,45304.0,2.0,66.0,67488.0,607.0,501.0,446.0
city7,2019,348.0,45.0,173.0,130.0,22656.0,36120.0,33316.0,63935.0,28688.0,49388.0,2.0,67.0,75372.0,609.0,504.0,447.0
city7,2020,,,,,23132.0,38696.0,35924.0,66690.0,31108.0,53836.0,2.0,68.0,80604.0,635.0,506.0,448.0
city7,2021,330.0,18.0,160.0,152.0,27468.0,42636.0,36392.0,73100.0,31612.0,56600.0,2.0,71.0,85836.0,643.0,527.0,448.0
city7,2022,,,,,29772.0,45708.0,42764.0,76195.0,37445.0,62508.0,2.0,72.0,85836.0,645.0,,
city8,2000,,,,,,,,,,,3.0,,7976.0,,,
city8,2001,,,,,,,,,,,3.0,,7976.0,511.0,504.0,
city8,2002,237.0,138.0,45.0,53.0,,,,,,,4.0,,8948.0,514.0,,
city8,2003,262.0,126.0,45.0,90.0,,,,,,,4.0,,9852.0,516.0,,
city8,2004,270.0,118.0,48.0,104.0,,,,,,,4.0,,10800.0,520.0,,
city8,2005,274.0,112.0,55.0,107.0,,,,,,,4.0,,12168.0,524.0,,
city8,2006,282.0,101.0,68.0,112.0,,,,,,,4.0,,14132.0,529.0,,
city8,2007,294.0,99.0,82.0,114.0,,,,,,,3.0,38.0,16588.0,530.0,492.0,533.0
city8,2008,313.0,97.0,95.0,121.0,,,,,,,3.0,40.0,19840.0,533.0,486.0,534.0
city8,2009,347.0,98.0,110.0,139.0,,,,,,,3.0,41.0,23992.0,530.0,482.0,537.0
city8,2010,327.0,94.0,104.0,128.0,,,,,,,3.0,43.0,28176.0,535.0,481.0,534.0
city8,2011,361.0,94.0,126.0,142.0,,,11636.0,20260.0,,,3.0,51.0,32780.0,539.0,480.0,539.0
city8,2012,280.0,84.0,85.0,112.0,,,13312.0,22995.0,,,2.0,52.0,36984.0,543.0,480.0,543.0
city8,2013,281.0,83.0,85.0,114.0,,,14860.0,,,,2.0,54.0,41968.0,479.0,480.0,547.0
city8,2014,282.0,80.0,88.0,114.0,5944.0,,,25795.0,,,2.0,55.0,45520.0,559.0,483.0,553.0
city8,2015,283.0,79.0,89.0,115.0,6528.0,10024.0,,28105.0,,,2.0,57.0,51300.0,562.0,485.0,560.0
city8,2016,284.0,78.0,90.0,116.0,6920.0,14316.0,,30335.0,,,2.0,58.0,55232.0,5226.0,487.0,564.0
city8,2017,284.0,78.0,90.0,116.0,,11928.0,,24880.0,,,2.0,60.0,59640.0,,489.0,568.0
city8,2018,285.0,77.0,90.0,118.0,,17056.0,,35825.0,,,2.0,61.0,64628.0,5181.0,491.0,561.0
city8,2019,285.0,76.0,90.0,119.0,,18564.0,,38950.0,,,2.0,62.0,71472.0,5420.0,493.0,561.0
city8,2020,269.0,70.0,85.0,113.0,,19728.0,,40315.0,,,2.0,64.0,77872.0,,464.0,560.0
city8,2021,265.0,66.0,86.0,113.0,,21884.0,,43950.0,,,4.0,66.0,83216.0,,456.0,558.0
city8,2022,,,,,,23404.0,,46040.0,,,4.0,66.0,83216.0,,,
city9,2000,279.0,,,,,,,,,,3.0,,8216.0,,,
city9,2001,282.0,,,,,,,,,,3.0,,8216.0,473.0,525.0,645.0
city9,2002,288.0,,,,,,,,,,4.0,,9472.0,482.0,542.0,655.0
city9,2003,280.0,,,,,,,,,,3.0,,10380.0,491.0,552.0,661.0
city9,2004,284.0,,,,,,,,,,3.0,,12436.0,503.0,562.0,668.0
city9,2005,287.0,,,,,,,,,,3.0,,14528.0,510.0,576.0,671.0
city9,2006,303.0,171.0,68.0,64.0,,,,,,,3.0,39.0,16104.0,517.0,584.0,679.0
city9,2007,315.0,171.0,81.0,62.0,,,,,,,3.0,37.0,17148.0,528.0,595.0,702.0
city9,2008,333.0,184.0,81.0,67.0,,,,,,,3.0,37.0,19884.0,519.0,598.0,716.0
city9,2009,347.0,184.0,88.0,75.0,,,,,,,3.0,37.0,22036.0,515.0,593.0,726.0
city9,2010,273.0,149.0,58.0,67.0,,,,,,,3.0,38.0,24256.0,510.0,588.0,735.0
city9,2011,276.0,149.0,56.0,71.0,5584.0,8188.0,10180.0,16110.0,,,3.0,35.0,25808.0,515.0,583.0,747.0
city9,2012,278.0,147.0,57.0,74.0,6624.0,9504.0,13160.0,18030.0,,,3.0,36.0,30580.0,522.0,585.0,761.0
city9,2013,281.0,145.0,60.0,76.0,7624.0,10704.0,14300.0,20035.0,,,2.0,37.0,36664.0,526.0,591.0,749.0
city9,2014,281.0,142.0,61.0,78.0,9860.0,11912.0,15484.0,19540.0,,,2.0,38.0,42888.0,529.0,592.0,758.0
city9,2015,282.0,142.0,62.0,78.0,10644.0,13224.0,13928.0,21395.0,11236.0,15264.0,2.0,39.0,48156.0,519.0,593.0,772.0
city9,2016,283.0,142.0,62.0,79.0,11696.0,14520.0,15292.0,23320.0,12428.0,16844.0,2.0,37.0,53036.0,520.0,593.0,786.0
city9,2017,284.0,140.0,64.0,81.0,12480.0,15692.0,16264.0,25315.0,13480.0,18400.0,2.0,38.0,57056.0,524.0,594.0,799.0
city9,2018,286.0,136.0,62.0,129.0,13484.0,16948.0,17512.0,27160.0,14492.0,19884.0,2.0,38.0,61440.0,530.0,599.0,804.0
city9,2019,278.0,136.0,62.0,126.0,14448.0,18480.0,18020.0,29405.0,15440.0,21348.0,2.0,40.0,67840.0,535.0,606.0,811.0
city9,2020,271.0,79.0,61.0,131.0,15044.0,19620.0,19256.0,30730.0,16516.0,23176.0,2.0,41.0,73056.0,540.0,612.0,818.0
city9,2021,272.0,77.0,62.0,133.0,16452.0,21560.0,19440.0,33420.0,17012.0,24600.0,2.0,44.0,86584.0,543.0,618.0,823.0
city9,2022,,,,,,,20636.0,,18275.0,26724.0,2.0,45.0,86584.0,,,
city10,2001,,,,,,,,,,,4.0,,10316.0,,,
city10,2002,,,,,,,,,,,4.0,,13408.0,,,
city10,2003,142.0,73.0,29.0,40.0,,,,,,,4.0,,15944.0,,,
city10,2004,142.0,73.0,30.0,39.0,,,,,,,4.0,,18620.0,,,
city10,2005,142.0,69.0,32.0,41.0,,,,,,,4.0,,22916.0,131.0,,
city10,2006,143.0,67.0,33.0,43.0,,,,,,,4.0,,24956.0,132.0,227.0,251.0
city10,2007,146.0,65.0,35.0,45.0,,,,,,,4.0,39.0,27348.0,132.0,228.0,253.0
city10,2008,147.0,61.0,35.0,51.0,,,,,,,4.0,41.0,31444.0,133.0,229.0,254.0
city10,2009,150.0,63.0,37.0,50.0,,,,,,,4.0,41.0,36240.0,133.0,230.0,255.0
city10,2010,138.0,58.0,34.0,46.0,,,,,,,4.0,42.0,41140.0,122.0,231.0,257.0
city10,2011,138.0,57.0,34.0,47.0,,,,,,,4.0,48.0,44972.0,122.0,212.0,260.0
city10,2012,139.0,55.0,35.0,49.0,,,,,,,3.0,51.0,49068.0,122.0,212.0,261.0
city10,2013,140.0,54.0,36.0,51.0,10080.0,12168.0,,28005.0,,,3.0,53.0,56608.0,123.0,212.0,263.0
city10,2014,141.0,52.0,37.0,52.0,11480.0,13632.0,20004.0,30410.0,,,3.0,54.0,59780.0,123.0,212.0,264.0
city10,2015,141.0,52.0,37.0,53.0,12676.0,15000.0,21864.0,32875.0,16920.0,22424.0,3.0,55.0,66100.0,124.0,213.0,266.0
city10,2016,143.0,50.0,37.0,55.0,13936.0,16456.0,23556.0,35965.0,18396.0,24400.0,3.0,56.0,77236.0,125.0,214.0,266.0
city10,2017,144.0,50.0,37.0,57.0,15220.0,18072.0,25296.0,38995.0,19932.0,26756.0,3.0,58.0,85056.0,126.0,217.0,268.0
city10,2018,144.0,48.0,40.0,57.0,16620.0,19920.0,27016.0,42555.0,21568.0,29328.0,2.0,60.0,92580.0,127.0,219.0,269.0
city10,2019,144.0,46.0,45.0,54.0,18140.0,21928.0,29268.0,46435.0,23508.0,32244.0,2.0,62.0,103256.0,128.0,220.0,270.0
city10,2020,,,,,18332.0,23636.0,31876.0,48530.0,25716.0,35448.0,2.0,63.0,109418.0,145.0,221.0,271.0
city10,2021,142.0,14.0,51.0,77.0,21612.0,26384.0,31756.0,53255.0,25940.0,37744.0,2.0,62.0,115580.0,145.0,251.0,271.0
city10,2022,,,,,23576.0,28468.0,36676.0,55780.0,30385.0,42036.0,2.0,63.0,115580.0,145.0,,
city11,2000,,,,,,,,,,,3.0,,12148.0,,,
city11,2001,,,,,,,,,,,3.0,,12148.0,,,
city11,2002,,,,,,,,,,,4.0,,15352.0,,,
city11,2003,200.0,49.0,100.0,51.0,,,,,,,4.0,,17876.0,,,
city11,2004,202.0,44.0,98.0,60.0,,,,,,,4.0,,20776.0,,,
city11,2005,241.0,42.0,144.0,54.0,,,,,,,4.0,,20700.0,1025.0,,
city11,2006,274.0,42.0,167.0,66.0,,,,,,,4.0,,20644.0,1046.0,400.0,334.0
city11,2007,289.0,39.0,181.0,69.0,,,,,,,4.0,48.0,22624.0,1073.0,408.0,336.0
city11,2008,294.0,37.0,177.0,80.0,,,,,,,4.0,49.0,26004.0,1085.0,419.0,337.0
city11,2009,308.0,36.0,187.0,85.0,,,,,,,4.0,50.0,29216.0,1106.0,423.0,338.0
city11,2010,318.0,35.0,193.0,89.0,,,,,,,4.0,51.0,31960.0,1154.0,431.0,340.0
city11,2011,321.0,34.0,197.0,91.0,,,,,,,3.0,53.0,36316.0,1162.0,450.0,342.0
city11,2012,327.0,32.0,198.0,97.0,,,,,,,3.0,54.0,42984.0,1165.0,453.0,343.0
city11,2013,328.0,32.0,194.0,102.0,13440.0,22396.0,,38670.0,,,3.0,55.0,48328.0,1169.0,454.0,345.0
city11,2014,332.0,31.0,193.0,108.0,16160.0,24676.0,21104.0,42140.0,,,3.0,57.0,52944.0,1172.0,456.0,346.0
city11,2015,329.0,30.0,186.0,113.0,17520.0,26836.0,23032.0,45495.0,20304.0,34316.0,3.0,59.0,60308.0,1176.0,457.0,348.0
city11,2016,330.0,29.0,183.0,118.0,18864.0,28996.0,25544.0,48925.0,22336.0,37136.0,3.0,61.0,67688.0,1099.0,459.0,349.0
city11,2017,332.0,28.0,181.0,124.0,20240.0,31436.0,28312.0,53055.0,24136.0,40116.0,3.0,63.0,73836.0,1109.0,461.0,352.0
city11,2018,336.0,27.0,180.0,129.0,21708.0,34276.0,29872.0,57435.0,25616.0,43504.0,3.0,65.0,82932.0,1125.0,466.0,356.0
city11,2019,336.0,25.0,176.0,134.0,23824.0,37412.0,32364.0,61940.0,27736.0,47380.0,2.0,66.0,90340.0,1143.0,473.0,360.0
city11,2020,,,,,24480.0,39800.0,35432.0,64120.0,30544.0,51612.0,2.0,67.0,97764.0,1286.0,480.0,364.0
city11,2021,330.0,11.0,173.0,146.0,28508.0,43596.0,36384.0,69835.0,31756.0,54664.0,2.0,71.0,107612.0,1313.0,540.0,367.0
city11,2022,,,,,30568.0,46276.0,42304.0,72095.0,37155.0,60048.0,2.0,72.0,107612.0,1322.0,,
city12,2001,,,,,,,,,,,,,7816.0,869.0,479.0,0.0
city12,2002,245.0,97.0,75.0,73.0,,,,,,,4.0,,9060.0,870.0,,
city12,2003,242.0,79.0,87.0,77.0,,,,,,,4.0,,10056.0,870.0,,
city12,2004,244.0,73.0,93.0,78.0,,,,,,,4.0,,11420.0,868.0,,
city12,2005,255.0,69.0,101.0,85.0,,,,,,,2.0,,13188.0,866.0,,
city12,2006,256.0,65.0,105.0,86.0,,,,,,,3.0,,15088.0,869.0,,
city12,2007,266.0,66.0,109.0,90.0,,,,,,,3.0,46.0,17308.0,864.0,463.0,504.0
city12,2008,281.0,67.0,117.0,97.0,,,,,,,3.0,48.0,21264.0,864.0,458.0,501.0
city12,2009,284.0,67.0,118.0,99.0,,,,,,,3.0,49.0,25732.0,869.0,464.0,501.0
city12,2010,284.0,67.0,119.0,99.0,,,,,,,3.0,51.0,29796.0,872.0,467.0,504.0
city12,2011,287.0,65.0,119.0,103.0,,11044.0,,23595.0,,,3.0,56.0,34488.0,876.0,462.0,505.0
city12,2012,284.0,73.0,119.0,92.0,,12492.0,,26570.0,,,2.0,57.0,38324.0,875.0,463.0,507.0
city12,2013,284.0,71.0,119.0,94.0,,13980.0,,29110.0,,,2.0,58.0,42980.0,801.0,463.0,506.0
city12,2014,285.0,69.0,119.0,97.0,,15076.0,,31345.0,,,2.0,59.0,46788.0,879.0,463.0,508.0
city12,2015,281.0,63.0,118.0,100.0,,16408.0,,34090.0,,,2.0,60.0,53396.0,878.0,464.0,509.0
city12,2016,278.0,60.0,113.0,105.0,,17860.0,,36825.0,,,2.0,62.0,57872.0,2136.0,464.0,508.0
city12,2017,278.0,60.0,113.0,105.0,,19492.0,,40055.0,,,2.0,63.0,61068.0,,465.0,508.0
city12,2018,276.0,56.0,112.0,108.0,,21216.0,,43450.0,,,2.0,65.0,65508.0,2192.0,465.0,505.0
city12,2019,275.0,54.0,113.0,108.0,,23116.0,,47215.0,,,2.0,66.0,70848.0,2208.0,464.0,503.0
city12,2020,279.0,50.0,108.0,121.0,,24612.0,,49100.0,,,2.0,67.0,79892.0,,452.0,501.0
city12,2021,276.0,46.0,109.0,121.0,,27400.0,,53815.0,,,2.0,68.0,85944.0,,452.0,497.0
city12,2022,,,,,,29416.0,,56575.0,,,2.0,69.0,85944.0,,,
city13,2001,,,,,,,,,,,,,6812.0,597.0,506.0,0.0
city13,2002,266.0,137.0,49.0,81.0,,,,,,,,,7940.0,600.0,,
city13,2003,267.0,129.0,54.0,84.0,,,,,,,,,8700.0,605.0,,
city13,2004,268.0,119.0,60.0,89.0,,,,,,,,,9284.0,609.0,,
city13,2005,268.0,111.0,72.0,84.0,,,,,,,,,10336.0,613.0,,
city13,2006,289.0,110.0,91.0,88.0,,,,,,,,,12112.0,619.0,,
city13,2007,303.0,115.0,95.0,92.0,,,,,,,,32.0,14048.0,621.0,489.0,529.0
city13,2008,310.0,103.0,112.0,95.0,,,,,,,,34.0,16848.0,625.0,481.0,532.0
city13,2009,318.0,101.0,121.0,96.0,,,,,,,,36.0,19984.0,632.0,475.0,535.0
city13,2010,333.0,99.0,134.0,99.0,,,,,,,,38.0,23808.0,639.0,473.0,541.0
city13,2011,351.0,97.0,145.0,109.0,,,,,,,,48.0,27612.0,649.0,472.0,546.0
city13,2012,276.0,114.0,90.0,73.0,,,,16990.0,,,,50.0,31992.0,655.0,477.0,555.0
city13,2013,276.0,111.0,92.0,74.0,,,,18845.0,,,,51.0,35900.0,565.0,480.0,560.0
city13,2014,279.0,105.0,97.0,77.0,,10700.0,,20395.0,,,,52.0,43244.0,681.0,482.0,572.0
city13,2015,282.0,100.0,99.0,83.0,,12772.0,,22230.0,,,,54.0,47392.0,687.0,484.0,581.0
city13,2016,283.0,89.0,107.0,87.0,,13928.0,,24085.0,,,,56.0,52160.0,2072.0,485.0,586.0
city13,2017,283.0,89.0,107.0,87.0,,15268.0,,26115.0,,,,58.0,55844.0,,488.0,592.0
city13,2018,283.0,84.0,101.0,97.0,,16636.0,,28280.0,,,,59.0,59740.0,2293.0,491.0,591.0
city13,2019,281.0,83.0,97.0,102.0,,18120.0,,30610.0,,,,60.0,65088.0,2389.0,493.0,591.0
city13,2020,283.0,74.0,93.0,116.0,,19464.0,,32015.0,,,,61.0,71892.0,,497.0,592.0
city13,2021,280.0,70.0,94.0,116.0,,21576.0,,35055.0,,,,62.0,78696.0,,499.0,592.0
city13,2022,,,,,,23056.0,,36755.0,,,,63.0,78696.0,,,
city14,2000,151.0,,,,,,,,,,3.0,,6176.0,,,
city14,2001,147.0,,,,,,,,,,3.0,,6176.0,151.0,227.0,322.0
city14,2002,153.0,,,,,,,,,,3.0,,9052.0,157.0,239.0,325.0
city14,2003,145.0,,,,,,,,,,3.0,,10224.0,163.0,248.0,332.0
city14,2004,153.0,,,,,,,,,,3.0,,12492.0,170.0,258.0,334.0
city14,2005,138.0,,,,,,,,,,3.0,,14472.0,176.0,269.0,333.0
city14,2006,139.0,73.0,22.0,26.0,,,,,,,3.0,32.0,16132.0,176.0,278.0,337.0
city14,2007,140.0,75.0,24.0,28.0,,,,,,,3.0,40.0,17356.0,178.0,281.0,341.0
city14,2008,140.0,78.0,26.0,26.0,,,,,,,3.0,40.0,20104.0,183.0,275.0,335.0
city14,2009,143.0,76.0,27.0,28.0,,,,,,,3.0,41.0,22056.0,184.0,285.0,347.0
city14,2010,143.0,73.0,28.0,33.0,,,,,,,3.0,41.0,23804.0,189.0,287.0,349.0
city14,2011,143.0,72.0,29.0,34.0,5880.0,6732.0,8368.0,14735.0,,,3.0,40.0,26376.0,191.0,296.0,358.0
city14,2012,143.0,73.0,30.0,34.0,6204.0,7772.0,9816.0,16520.0,,,3.0,40.0,31236.0,192.0,298.0,367.0
city14,2013,144.0,70.0,30.0,36.0,6944.0,8772.0,11200.0,18435.0,,,3.0,40.0,35980.0,194.0,301.0,355.0
city14,2014,144.0,69.0,27.0,39.0,8192.0,9884.0,12232.0,18245.0,,,2.0,41.0,41092.0,196.0,304.0,361.0
city14,2015,144.0,70.0,27.0,39.0,8940.0,10800.0,12464.0,20015.0,9976.0,13280.0,2.0,41.0,46076.0,186.0,293.0,365.0
city14,2016,144.0,71.0,27.0,40.0,10208.0,12044.0,13428.0,21815.0,10764.0,14548.0,2.0,42.0,51456.0,185.0,291.0,366.0
city14,2017,145.0,71.0,28.0,43.0,11484.0,13300.0,15120.0,23780.0,12236.0,16076.0,2.0,42.0,56512.0,184.0,289.0,373.0
city14,2018,145.0,70.0,25.0,44.0,12436.0,14620.0,16456.0,25490.0,13580.0,17716.0,2.0,43.0,56512.0,183.0,287.0,373.0
city14,2019,134.0,70.0,25.0,48.0,13436.0,16028.0,17340.0,27125.0,14592.0,19396.0,2.0,45.0,56512.0,182.0,286.0,373.0
city14,2020,125.0,34.0,29.0,72.0,13988.0,17312.0,18228.0,28015.0,15604.0,21052.0,3.0,46.0,56512.0,181.0,285.0,373.0
city14,2021,126.0,33.0,29.0,73.0,16020.0,19144.0,18320.0,30445.0,16000.0,22288.0,3.0,49.0,56512.0,181.0,284.0,372.0
city14,2022,,,,,,,20164.0,,18025.0,24624.0,3.0,50.0,56512.0,,,
city15,2000,,,,,,,,,,,,,9340.0,795.0,,
city15,2001,,,,,,,,,,,,,9340.0,800.0,,
city15,2002,,,,,,,,,,,,,10500.0,800.0,,
city15,2003,392.0,216.0,95.0,81.0,,,,,,,,,11890.0,805.0,,
city15,2004,382.0,196.0,103.0,82.0,,,,,,,,,13550.0,810.0,,
city15,2005,396.0,190.0,111.0,94.0,,,,,,,,,15810.0,820.0,,
city15,2006,452.0,183.0,128.0,142.0,,,,,,,,,18850.0,830.0,,
city15,2007,469.0,177.0,145.0,147.0,,,,,,,,45.0,21900.0,835.0,875.0,935.0
city15,2008,477.0,170.0,152.0,155.0,,,,,,,,46.0,23710.0,840.0,870.0,940.0
city15,2009,486.0,163.0,169.0,154.0,,,,,,,,47.0,26820.0,850.0,870.0,945.0
city15,2010,501.0,162.0,180.0,159.0,,,,,,,,49.0,31180.0,860.0,865.0,955.0
city15,2011,521.0,162.0,187.0,171.0,,,,,,,,54.0,34240.0,865.0,855.0,970.0
city15,2012,529.0,153.0,205.0,171.0,,,,,,,,55.0,39490.0,875.0,855.0,975.0
city15,2013,479.0,180.0,140.0,158.0,,,,,,,,57.0,44070.0,760.0,855.0,990.0
city15,2014,479.0,172.0,146.0,161.0,,,,,,,2.1,58.0,47010.0,865.0,860.0,1005.0
city15,2015,481.0,163.0,151.0,168.0,,,,,,,1.9,60.0,49780.0,870.0,860.0,1025.0
city15,2016,482.0,153.0,156.0,174.0,,,,,,,1.9,61.0,54310.0,3020.0,865.0,1030.0
city15,2017,483.0,144.0,160.0,179.0,,,,,,,1.9,62.0,57230.0,,870.0,1040.0
city15,2018,483.0,144.0,160.0,179.0,,,,,,,1.8,64.0,63920.0,3415.0,875.0,1040.0
city15,2019,483.0,120.0,170.0,193.0,,,,,,,1.8,65.0,71460.0,3430.0,880.0,1045.0
city15,2020,483.0,107.0,173.0,204.0,,,,,,,1.8,64.0,78570.0,,905.0,1040.0
city15,2021,482.0,95.0,167.0,221.0,,,,,,,1.8,66.0,78570.0,,905.0,1035.0
city15,2022,,,,,,,,,,,2.1,66.0,78570.0,,,
city16,2000,,,,,,,,,,,,,8200.0,145.0,,
city16,2001,142.0,,,,,,,,,,2.9,,8200.0,150.0,275.0,310.0
city16,2002,143.0,,,,,,,,,,2.9,,10350.0,150.0,275.0,310.0
city16,2003,143.0,,,,,,,,,,3.4,,12150.0,155.0,280.0,315.0
city16,2004,286.0,,,,,,,,,,3.4,,13980.0,155.0,285.0,315.0
city16,2005,294.0,,,,,,,,,,3.3,,16390.0,155.0,285.0,315.0
city16,2006,349.0,,,,,,,,,,3.3,50.0,18210.0,155.0,290.0,320.0
city16,2007,351.0,72.0,25.0,42.0,,,,,,,3.4,46.0,20040.0,160.0,290.0,320.0
city16,2008,359.0,71.0,26.0,43.0,,,,,,,3.2,46.0,23050.0,155.0,285.0,320.0
city16,2009,362.0,64.0,29.0,47.0,,,,,,,3.2,47.0,25970.0,155.0,285.0,320.0
city16,2010,381.0,62.0,31.0,50.0,,,,,,,3.2,47.0,28270.0,150.0,285.0,325.0
city16,2011,443.0,61.0,30.0,51.0,4928.0,6316.0,12908.0,18020.0,,,3.0,53.0,31870.0,155.0,280.0,325.0
city16,2012,445.0,60.0,31.0,51.0,6192.0,7460.0,14392.0,20325.0,,,2.9,53.0,35830.0,155.0,280.0,330.0
city16,2013,437.0,59.0,31.0,53.0,6628.0,8576.0,16288.0,23180.0,,,2.8,53.0,40130.0,155.0,280.0,325.0
city16,2014,437.0,59.0,32.0,52.0,7324.0,9580.0,17640.0,25590.0,,,2.4,54.0,44900.0,155.0,280.0,325.0
city16,2015,438.0,59.0,33.0,53.0,8824.0,10532.0,15220.0,21580.0,12220.0,16620.0,2.4,54.0,49060.0,150.0,280.0,330.0
city16,2016,438.0,59.0,32.0,53.0,9652.0,11604.0,16588.0,23500.0,13380.0,18140.0,2.5,54.0,54920.0,150.0,280.0,330.0
city16,2017,439.0,59.0,32.0,54.0,10824.0,12788.0,18140.0,25850.0,14800.0,19972.0,2.5,54.0,61470.0,150.0,285.0,335.0
city16,2018,436.0,59.0,32.0,54.0,11808.0,14104.0,19628.0,28305.0,16052.0,21864.0,2.4,54.0,61470.0,155.0,285.0,335.0
city16,2019,441.0,59.0,25.0,50.0,12712.0,15432.0,20804.0,30285.0,17204.0,23672.0,2.3,55.0,61470.0,155.0,285.0,335.0
city16,2020,589.0,59.0,25.0,50.0,13860.0,16940.0,22468.0,32630.0,18724.0,25804.0,2.1,56.0,61470.0,155.0,285.0,335.0
city16,2021,598.0,33.0,25.0,66.0,14268.0,18288.0,22160.0,34415.0,18800.0,27544.0,2.5,57.0,61470.0,155.0,285.0,335.0
city16,2022,,,,,16304.0,20252.0,25072.0,37620.0,21330.0,30204.0,2.5,58.0,61470.0,,,
city17,2000,,,,,,,,,,,,,19090.0,1335.0,,
city17,2001,504.0,,,,,,,,,,3.2,,19090.0,1340.0,990.0,700.0
city17,2002,510.0,,,,,,,,,,3.8,,22770.0,1320.0,995.0,710.0
city17,2003,514.0,,,,,,,,,,3.6,,26220.0,1305.0,980.0,720.0
city17,2004,521.0,,,,,,,,,,2.7,,28810.0,1295.0,970.0,720.0
city17,2005,541.0,,,,,,,,,,2.4,,31590.0,1275.0,965.0,735.0
city17,2006,574.0,,,,,,,,,,2.1,82.0,34330.0,1310.0,945.0,750.0
city17,2007,609.0,84.0,237.0,287.0,,,,,,,2.1,82.0,36770.0,1350.0,995.0,760.0
city17,2008,664.0,82.0,264.0,318.0,,,,,,,2.2,82.0,40560.0,1530.0,1050.0,770.0
city17,2009,715.0,80.0,287.0,347.0,,,,,,,2.3,82.0,45700.0,1625.0,1110.0,780.0
city17,2010,739.0,80.0,297.0,362.0,,,,,,,2.3,83.0,49520.0,1740.0,1185.0,790.0
city17,2011,711.0,59.0,274.0,378.0,8984.0,12672.0,25008.0,30655.0,,,2.3,84.0,54490.0,1750.0,1270.0,805.0
city17,2012,743.0,63.0,283.0,397.0,9900.0,14816.0,28204.0,34435.0,,,2.4,84.0,57470.0,1770.0,1345.0,810.0
city17,2013,751.0,65.0,283.0,404.0,10960.0,16788.0,30488.0,38050.0,,,2.4,85.0,67510.0,1780.0,1415.0,820.0
city17,2014,760.0,65.0,263.0,433.0,11684.0,18884.0,33152.0,42045.0,,,2.2,85.0,73750.0,1800.0,1470.0,830.0
city17,2015,785.0,60.0,284.0,441.0,12864.0,17660.0,33380.0,42950.0,30572.0,39224.0,2.3,85.0,74250.0,2200.0,1525.0,840.0
city17,2016,811.0,63.0,287.0,461.0,14084.0,19320.0,35748.0,46730.0,32884.0,42712.0,2.2,84.0,81170.0,2315.0,1590.0,850.0
city17,2017,835.0,62.0,288.0,485.0,17592.0,21448.0,38392.0,50940.0,35384.0,46664.0,2.4,84.0,89100.0,2405.0,1675.0,865.0
city17,2018,862.0,62.0,287.0,514.0,18928.0,23480.0,40632.0,55400.0,37492.0,50780.0,2.4,84.0,89100.0,2480.0,1745.0,895.0
city17,2019,897.0,60.0,275.0,767.0,20628.0,26020.0,42180.0,59980.0,39464.0,55272.0,1.9,85.0,89100.0,2530.0,1795.0,925.0
city17,2020,1126.0,62.0,267.0,797.0,22520.0,28864.0,45044.0,65050.0,42304.0,60068.0,2.2,85.0,89100.0,2585.0,1830.0,950.0
city17,2021,1158.0,59.0,260.0,839.0,22988.0,31264.0,44280.0,68300.0,41400.0,63284.0,2.5,86.0,89100.0,2595.0,1870.0,980.0
city17,2022,,,,,26092.0,34532.0,47160.0,74415.0,44245.0,68904.0,2.2,86.0,89100.0,,,
city18,2000,,,,,,,,,,,,,11540.0,780.0,,
city18,2001,,,,,,,,,,,3.0,,11540.0,780.0,,
city18,2002,,,,,,,,,,,3.2,,13110.0,785.0,,
city18,2003,192.0,46.0,88.0,57.0,,,,,,,3.4,,14910.0,790.0,,
city18,2004,200.0,39.0,99.0,62.0,,,,,,,3.5,,17260.0,795.0,,
city18,2005,217.0,35.0,115.0,68.0,,,,,,,3.6,,19980.0,800.0,,
city18,2006,241.0,33.0,129.0,80.0,,,,,,,3.6,,22990.0,810.0,,
city18,2007,256.0,31.0,140.0,85.0,,,,,,,3.4,61.0,26560.0,815.0,425.0,355.0
city18,2008,271.0,30.0,151.0,90.0,,,,,,,3.2,61.0,30410.0,815.0,435.0,355.0
city18,2009,291.0,30.0,163.0,98.0,,,,,,,3.2,61.0,34840.0,820.0,440.0,360.0
city18,2010,304.0,29.0,170.0,104.0,,,,,,,3.0,61.0,39220.0,825.0,445.0,360.0
city18,2011,323.0,28.0,180.0,116.0,,12636.0,,26265.0,,,2.8000000000000003,64.0,44210.0,825.0,460.0,360.0
city18,2012,278.0,22.0,153.0,102.0,,14836.0,,29825.0,,,2.6,65.0,49750.0,830.0,465.0,360.0
city18,2013,281.0,32.0,148.0,101.0,,,,33585.0,,,2.4,66.0,55760.0,1070.0,470.0,365.0
city18,2014,281.0,32.0,147.0,102.0,,,,,,,2.15,68.0,67400.0,840.0,470.0,365.0
city18,2015,281.0,31.0,146.0,104.0,,20132.0,,39480.0,20604.0,,1.9,69.0,70850.0,845.0,470.0,370.0
city18,2016,281.0,31.0,144.0,107.0,,21912.0,,42710.0,22228.0,,1.9,70.0,73030.0,2425.0,470.0,370.0
city18,2017,281.0,30.0,142.0,109.0,,23776.0,,46055.0,23980.0,,1.9,71.0,81060.0,,470.0,375.0
city18,2018,281.0,30.0,142.0,109.0,,25832.0,,49955.0,25492.0,,1.8,72.0,84740.0,3025.0,470.0,380.0
city18,2019,282.0,29.0,137.0,115.0,,28012.0,,53995.0,26860.0,,1.8,73.0,91270.0,2945.0,470.0,380.0
city18,2020,283.0,29.0,137.0,116.0,,30488.0,,58340.0,28768.0,,1.8,76.0,104540.0,,525.0,385.0
city18,2021,300.0,27.0,133.0,141.0,,32364.0,,60525.0,28288.0,,1.8,77.0,113270.0,,525.0,385.0
city18,2022,,,,,,35820.0,,65820.0,34070.0,,1.6,78.0,113270.0,,,
city19,2001,,,,,,,,,,,3.4,,12390.0,,,
city19,2002,,,,,,,,,,,3.3,,15700.0,,,
city19,2003,,,,,,,,,,,3.0,,17540.0,,,
city19,2004,305.0,102.0,123.0,80.0,,,,,,,3.2,,20550.0,,,
city19,2005,316.0,98.0,128.0,89.0,,,,,,,3.2,,23260.0,445.0,,
city19,2006,312.0,93.0,128.0,91.0,,,,,,,3.2,,24020.0,455.0,485.0,455.0
city19,2007,318.0,83.0,138.0,96.0,,,,,,,3.0,57.0,25040.0,465.0,500.0,455.0
city19,2008,326.0,77.0,146.0,103.0,,,,,,,2.9,58.0,28850.0,470.0,510.0,460.0
city19,2009,327.0,76.0,146.0,105.0,,,,,,,3.0,58.0,31580.0,475.0,515.0,460.0
city19,2010,330.0,75.0,149.0,106.0,,,,,,,3.0,58.0,34770.0,490.0,520.0,465.0
city19,2011,346.0,72.0,167.0,107.0,,,,,,,3.0,59.0,39470.0,490.0,535.0,465.0
city19,2012,343.0,71.0,160.0,112.0,,,,,,,2.8,60.0,42860.0,495.0,540.0,470.0
city19,2013,343.0,68.0,162.0,113.0,,,,,,,2.8,61.0,47200.0,495.0,540.0,470.0
city19,2014,345.0,68.0,163.0,114.0,11804.0,16660.0,23504.0,36385.0,,,2.7,62.0,51720.0,495.0,540.0,470.0
city19,2015,346.0,68.0,164.0,114.0,13520.0,18544.0,25624.0,39805.0,20948.0,31592.0,2.8,63.0,55810.0,500.0,545.0,475.0
city19,2016,346.0,68.0,163.0,115.0,14628.0,20296.0,27700.0,43190.0,22668.0,34372.0,2.8,65.0,66780.0,505.0,545.0,475.0
city19,2017,347.0,68.0,163.0,116.0,16264.0,21896.0,30308.0,46550.0,24960.0,37152.0,2.8,66.0,72960.0,510.0,550.0,480.0
city19,2018,349.0,68.0,162.0,119.0,17144.0,23920.0,32364.0,50650.0,26660.0,40624.0,2.5,67.0,82200.0,510.0,555.0,485.0
city19,2019,354.0,69.0,164.0,121.0,18548.0,26216.0,34500.0,54880.0,28624.0,44324.0,2.1,68.0,86420.0,515.0,560.0,490.0
city19,2020,355.0,69.0,162.0,124.0,19928.0,28508.0,37164.0,59345.0,30908.0,48152.0,1.8,69.0,90640.0,645.0,560.0,490.0
city19,2021,,,,,20108.0,30364.0,36824.0,61545.0,30944.0,50580.0,1.6,68.0,96590.0,650.0,705.0,495.0
city19,2022,,,,,23812.0,33708.0,43028.0,67370.0,36465.0,55878.0,1.6,69.0,96590.0,650.0,,
city20,2001,,,,,,,,,,,,,10690.0,,,
city20,2002,,,,,,,,,,,,,14090.0,,,
city20,2003,,,,,,,,,,,,,16030.0,,,
city20,2004,120.0,62.0,30.0,28.0,,,,,,,4.2,,18570.0,,,
city20,2005,124.0,61.0,33.0,30.0,,,,,,,4.2,,22500.0,245.0,,
city20,2006,125.0,60.0,34.0,31.0,,,,,,,4.1,,26460.0,250.0,220.0,245.0
city20,2007,128.0,58.0,38.0,33.0,,,,,,,4.0,39.0,28660.0,250.0,220.0,245.0
city20,2008,129.0,57.0,38.0,35.0,,,,,,,3.8,40.0,32910.0,250.0,220.0,245.0
city20,2009,131.0,57.0,38.0,37.0,,,,,,,3.9,41.0,35930.0,250.0,220.0,250.0
city20,2010,134.0,56.0,39.0,39.0,,,,,,,3.7,41.0,39090.0,240.0,225.0,250.0
city20,2011,128.0,55.0,37.0,36.0,,,,,,,3.7,44.0,44050.0,240.0,210.0,250.0
city20,2012,131.0,54.0,39.0,38.0,,,,,,,3.5,45.0,50050.0,240.0,210.0,250.0
city20,2013,133.0,53.0,40.0,40.0,,,,,,,3.4,47.0,54710.0,240.0,210.0,250.0
city20,2014,134.0,53.0,40.0,40.0,9072.0,13808.0,16992.0,27980.0,,,3.1,48.0,55540.0,240.0,210.0,255.0
city20,2015,134.0,53.0,30.0,51.0,9980.0,15352.0,18352.0,30580.0,13872.0,22432.0,3.1,49.0,65080.0,240.0,210.0,255.0
city20,2016,131.0,51.0,39.0,40.0,10628.0,16884.0,19388.0,33210.0,14692.0,24460.0,2.9,50.0,75450.0,245.0,210.0,255.0
city20,2017,132.0,50.0,40.0,43.0,11448.0,18420.0,20872.0,36185.0,15864.0,26744.0,2.8,54.0,85530.0,245.0,215.0,255.0
city20,2018,133.0,50.0,40.0,44.0,12180.0,20224.0,21928.0,39575.0,16788.0,29372.0,2.7,56.0,96840.0,250.0,220.0,255.0
city20,2019,135.0,49.0,40.0,46.0,13624.0,22252.0,24268.0,43125.0,18732.0,32264.0,2.2,58.0,107550.0,250.0,220.0,255.0
city20,2020,135.0,47.0,43.0,45.0,15004.0,24424.0,26532.0,46930.0,20632.0,35408.0,2.0,60.0,118260.0,255.0,220.0,255.0
city20,2021,,,,,15112.0,26288.0,26800.0,49300.0,21024.0,37932.0,1.8,58.0,124610.0,255.0,225.0,255.0
city20,2022,,,,,17868.0,29264.0,31428.0,54575.0,25040.0,42648.0,1.6,58.0,124610.0,260.0,,
city21,2001,,,,,,,,,,,3.0,,14312.0,,,
city21,2002,,,,,,,,,,,4.0,,18316.0,,,
city21,2003,,,,,,,,,,,4.0,,21416.0,,,
city21,2004,451.0,102.0,182.0,166.0,,,,,,,4.0,,24664.0,,,
city21,2005,456.0,93.0,198.0,165.0,,,,,,,4.0,,28888.0,,,
city21,2006,481.0,92.0,222.0,167.0,,,,,,,4.0,69.0,30576.0,452.0,751.0,660.0
city21,2007,512.0,87.0,235.0,191.0,,,,,,,3.0,69.0,32788.0,466.0,773.0,666.0
city21,2008,533.0,84.0,245.0,204.0,,,,,,,3.0,69.0,36496.0,474.0,786.0,672.0
city21,2009,569.0,80.0,264.0,225.0,,,,,,,3.0,70.0,40192.0,480.0,797.0,678.0
city21,2010,597.0,80.0,278.0,239.0,,,,,,,3.0,73.0,43944.0,488.0,810.0,683.0
city21,2011,626.0,76.0,286.0,264.0,,,,,,,0.0,74.0,48768.0,524.0,870.0,689.0
city21,2012,638.0,72.0,289.0,276.0,,,,,,,2.0,74.0,54408.0,526.0,874.0,696.0
city21,2013,644.0,70.0,290.0,284.0,,,,,,,2.0,75.0,56416.0,530.0,880.0,701.0
city21,2014,651.0,70.0,292.0,289.0,16020.0,35763.0,30656.0,40923.0,,,2.0,75.0,64956.0,533.0,884.0,707.0
city21,2015,655.0,66.0,287.0,302.0,17814.0,39237.0,32164.0,44631.0,28491.0,39236.0,2.0,75.0,70820.0,536.0,889.0,716.0
city21,2016,663.0,67.0,272.0,324.0,19332.0,42642.0,33816.0,48315.0,30180.0,42640.0,2.0,76.0,77816.0,543.0,902.0,724.0
city21,2017,677.0,66.0,262.0,349.0,20562.0,46116.0,35684.0,52185.0,31905.0,46116.0,2.0,77.0,87152.0,553.0,919.0,736.0
city21,2018,681.0,66.0,258.0,357.0,21981.0,49830.0,38176.0,56274.0,34146.0,49832.0,2.0,77.0,96668.0,570.0,947.0,754.0
city21,2019,696.0,60.0,244.0,392.0,24201.0,54348.0,41612.0,61170.0,37368.0,54348.0,2.0,79.0,106708.0,580.0,981.0,774.0
city21,2020,720.0,57.0,257.0,407.0,26295.0,59259.0,44076.0,66066.0,40014.0,59260.0,2.0,83.0,120308.0,613.0,1036.0,794.0
city21,2021,,,,,25662.0,61878.0,41916.0,68664.0,38235.0,61876.0,2.0,84.0,132188.0,706.0,1194.0,814.0
city21,2022,,,,,30222.0,67707.0,48628.0,74700.0,446007.0,67708.0,2.0,84.0,132188.0,722.0,,
city22,2001,,,,,,,,,,,,,13912.0,826.0,613.0,
city22,2002,,,,,,,,,,,4.0,,16572.0,838.0,,
city22,2003,270.0,58.0,93.0,119.0,,,,,,,4.0,,19144.0,855.0,,
city22,2004,281.0,52.0,101.0,128.0,,,,,,,4.0,,22188.0,869.0,,
city22,2005,284.0,45.0,101.0,138.0,,,,,,,4.0,,26060.0,887.0,,
city22,2006,317.0,43.0,132.0,143.0,,,,,,,3.0,76.0,29340.0,905.0,,
city22,2007,327.0,37.0,139.0,151.0,,,,,,,3.0,77.0,32456.0,923.0,719.0,607.0
city22,2008,368.0,45.0,153.0,169.0,,,,,,,3.0,77.0,35904.0,938.0,741.0,617.0
city22,2009,380.0,46.0,153.0,181.0,,,,,,,3.0,77.0,39876.0,949.0,759.0,624.0
city22,2010,408.0,46.0,169.0,193.0,,,,,,,3.0,79.0,43620.0,957.0,771.0,630.0
city22,2011,458.0,51.0,175.0,232.0,,,18156.0,28311.0,,,3.0,80.0,48780.0,960.0,801.0,632.0
city22,2012,468.0,44.0,176.0,248.0,,,20763.0,32199.0,,,3.0,80.0,54708.0,966.0,811.0,636.0
city22,2013,452.0,49.0,151.0,252.0,,,23493.0,36321.0,,,3.0,81.0,63148.0,969.0,816.0,638.0
city22,2014,452.0,49.0,150.0,254.0,12390.0,16530.0,25647.0,39879.0,,,3.0,81.0,66220.0,1243.0,819.0,643.0
city22,2015,453.0,47.0,150.0,256.0,12816.0,17661.0,25854.0,42567.0,,,3.0,81.0,77284.0,985.0,822.0,649.0
city22,2016,455.0,47.0,149.0,260.0,14040.0,19482.0,27792.0,46104.0,,,2.0,82.0,81072.0,991.0,824.0,653.0
city22,2017,456.0,46.0,149.0,261.0,15771.0,21156.0,29772.0,49995.0,,,2.0,82.0,90188.0,1484.0,827.0,663.0
city22,2018,456.0,46.0,149.0,261.0,17154.0,23133.0,31383.0,54537.0,,,2.0,83.0,101500.0,,834.0,681.0
city22,2019,463.0,43.0,146.0,274.0,18456.0,25263.0,33537.0,59307.0,,,2.0,86.0,111068.0,1555.0,844.0,697.0
city22,2020,503.0,40.0,145.0,280.0,19980.0,27636.0,35931.0,64371.0,,,2.0,87.0,129604.0,1588.0,928.0,710.0
city22,2021,484.0,38.0,150.0,296.0,19419.0,29619.0,35853.0,67551.0,,,2.0,87.0,138004.0,,932.0,723.0
city22,2022,,,,,24006.0,32700.0,42486.0,73593.0,,,2.0,,138004.0,,,
city23,2001,79.0,,,,,,,,,,3.0,,15176.0,758.0,124.0,74.0
city23,2002,82.0,,,,,,,,,,3.0,,17036.0,761.0,128.0,76.0
city23,2003,88.0,,,,,,,,,,3.0,,18504.0,780.0,132.0,79.0
city23,2004,89.0,,,,,,,,,,3.0,,19200.0,799.0,135.0,82.0
city23,2005,91.0,,,,,,,,,,3.0,88.0,20084.0,823.0,139.0,86.0
city23,2006,94.0,,,,,,,,,,3.0,85.0,21844.0,839.0,142.0,90.0
city23,2007,98.0,10.0,42.0,47.0,,,,,,,3.0,85.0,23772.0,859.0,144.0,93.0
city23,2008,99.0,7.0,43.0,49.0,,,,,,,3.0,85.0,26612.0,862.0,147.0,96.0
city23,2009,102.0,7.0,44.0,51.0,,,,,,,3.0,87.0,29700.0,914.0,151.0,99.0
city23,2010,95.0,7.0,42.0,46.0,,,,,,,3.0,88.0,31760.0,932.0,154.0,103.0
city23,2011,103.0,6.0,46.0,51.0,8070.0,10185.0,20368.0,25380.0,,,3.0,88.0,34404.0,944.0,156.0,105.0
city23,2012,104.0,6.0,46.0,51.0,8895.0,11856.0,21160.0,28728.0,,,2.0,88.0,41052.0,948.0,165.0,106.0
city23,2013,105.0,6.0,49.0,50.0,10098.0,13398.0,24080.0,32976.0,,,2.0,88.0,48484.0,918.0,173.0,107.0
city23,2014,106.0,6.0,54.0,46.0,11415.0,14940.0,26128.0,36372.0,,,2.0,88.0,56240.0,922.0,179.0,109.0
city23,2015,109.0,6.0,55.0,47.0,14301.0,18393.0,26636.0,35286.0,25125.0,33232.0,2.0,88.0,62576.0,936.0,186.0,110.0
city23,2016,109.0,7.0,55.0,47.0,16044.0,20508.0,28740.0,38322.0,27198.0,36156.0,2.0,88.0,67956.0,1095.0,190.0,112.0
city23,2017,110.0,6.0,55.0,49.0,18372.0,22887.0,32148.0,42537.0,30477.0,40152.0,2.0,88.0,74928.0,1131.0,196.0,115.0
city23,2018,112.0,6.0,55.0,51.0,20037.0,23496.0,34732.0,46824.0,32979.0,44040.0,2.0,89.0,74928.0,1192.0,207.0,119.0
city23,2019,116.0,6.0,67.0,92.0,20472.0,26196.0,36816.0,50712.0,35079.0,48104.0,2.0,89.0,74928.0,1272.0,221.0,127.0
city23,2020,137.0,6.0,65.0,90.0,22572.0,29067.0,40028.0,55218.0,38211.0,52492.0,2.0,90.0,74928.0,1352.0,233.0,133.0
city23,2021,148.0,5.0,60.0,83.0,22497.0,31116.0,37776.0,58473.0,36357.0,55936.0,2.0,91.0,74928.0,1420.0,245.0,139.0
city23,2022,,,,,26928.0,34392.0,43956.0,64233.0,42333.0,61388.0,2.0,,74928.0,1430.0,,
city24,2001,,,,,,,,,,,4.0,,10420.0,,,563.0
city24,2002,350.0,,,,,,,,,,4.0,,11976.0,,,569.0
city24,2003,353.0,,,,,,,,,,4.0,51.0,14392.0,,,575.0
city24,2004,356.0,0.0,38.0,42.0,,,,,,,4.0,52.0,16024.0,,,583.0
city24,2005,294.0,0.0,39.0,41.0,,,,,,,4.0,54.0,17980.0,,,590.0
city24,2006,360.0,0.0,46.0,52.0,,,,,,,4.0,56.0,20864.0,788.0,643.0,597.0
city24,2007,362.0,0.0,49.0,52.0,,,,,,,4.0,70.0,22304.0,793.0,648.0,603.0
city24,2008,364.0,0.0,57.0,61.0,,,,,,,4.0,71.0,26652.0,804.0,657.0,605.0
city24,2009,357.0,0.0,58.0,63.0,,,,,,,3.0,71.0,31596.0,810.0,663.0,604.0
city24,2010,373.0,0.0,56.0,67.0,,,,,,,4.0,71.0,35660.0,817.0,668.0,603.0
city24,2011,379.0,0.0,62.0,66.0,,,15972.0,25320.0,,,4.0,71.0,37852.0,834.0,682.0,604.0
city24,2012,393.0,0.0,61.0,72.0,,,18045.0,28890.0,,,4.0,72.0,44004.0,842.0,689.0,607.0
city24,2013,408.0,0.0,69.0,72.0,,,20031.0,32568.0,,,3.0,66.0,48828.0,850.0,695.0,609.0
city24,2014,454.0,0.0,72.0,76.0,,,21666.0,35646.0,,,2.0,66.0,55840.0,856.0,700.0,613.0
city24,2015,465.0,0.0,67.0,75.0,,,22980.0,38760.0,,,2.0,68.0,62320.0,864.0,707.0,622.0
city24,2016,469.0,0.0,57.0,75.0,,,26316.0,39888.0,,,2.0,69.0,68996.0,872.0,713.0,626.0
city24,2017,470.0,0.0,58.0,78.0,,,28536.0,43050.0,,,2.0,71.0,77012.0,885.0,723.0,633.0
city24,2018,453.0,0.0,54.0,77.0,,,30726.0,46641.0,,,2.0,72.0,84644.0,895.0,732.0,644.0
city24,2019,424.0,0.0,55.0,75.0,,,32976.0,50145.0,,,2.0,71.0,91648.0,912.0,746.0,656.0
city24,2020,510.0,0.0,58.0,88.0,,,26637.0,41472.0,,,2.0,73.0,100592.0,1114.0,891.0,797.0
city24,2021,469.0,,,,,,34389.0,53328.0,,,2.0,74.0,108388.0,1151.0,920.0,807.0
city24,2022,,,,,,,36864.0,57447.0,,,2.0,74.0,108388.0,1167.0,,
city25,2001,,,,,,,,,,,3.0,,15512.0,,,
city25,2002,,,,,,,,,,,4.0,,19088.0,,,
city25,2003,223.0,,,,,,,,,,4.0,,21120.0,,,
city25,2004,323.0,88.0,198.0,100.0,,,,,,,4.0,,23688.0,,,
city25,2005,335.5,80.0,201.0,115.0,,,,,,,4.0,,25820.0,,,
city25,2006,352.0,76.0,213.0,126.0,,,,,,,4.0,63.0,29044.0,698.0,656.0,557.0
city25,2007,369.0,71.0,224.0,135.0,,,,,,,3.0,63.0,28948.0,714.0,672.0,560.0
city25,2008,381.5,68.0,229.0,142.0,,,,,,,3.0,64.0,32924.0,704.0,690.0,565.0
city25,2009,395.0,65.0,233.0,143.0,,,,,,,3.0,64.0,35832.0,721.0,707.0,568.0
city25,2010,404.0,69.0,239.0,135.0,,,,,,,3.0,68.0,39136.0,734.0,719.0,571.0
city25,2011,429.5,32.0,266.0,178.0,,,,,,,3.0,69.0,43476.0,776.0,761.0,574.0
city25,2012,440.0,33.0,274.0,188.0,,,,,,,3.0,69.0,49756.0,778.0,763.0,576.0
city25,2013,445.5,30.0,275.0,197.0,,,,,,,3.0,70.0,56252.0,779.0,764.0,578.0
city25,2014,446.0,29.0,274.0,200.0,14442.0,34656.0,25012.0,40425.0,,,2.0,70.0,63360.0,782.0,766.0,580.0
city25,2015,451.0,19.0,273.0,219.0,16227.0,38073.0,27892.0,44154.0,24324.0,38072.0,2.0,71.0,70224.0,797.0,781.0,584.0
city25,2016,450.0,19.0,271.0,220.0,17799.0,41373.0,29644.0,47850.0,26055.0,41372.0,2.0,72.0,74988.0,798.0,783.0,587.0
city25,2017,453.5,18.0,272.0,230.0,19311.0,44640.0,31584.0,51558.0,27891.0,44640.0,2.0,72.0,83656.0,804.0,788.0,591.0
city25,2018,459.5,16.0,275.0,240.0,20238.0,48231.0,33196.0,55656.0,29316.0,48232.0,2.0,73.0,91704.0,817.0,801.0,597.0
city25,2019,464.5,16.0,271.0,254.0,21246.0,52401.0,36712.0,60132.0,32199.0,52400.0,2.0,74.0,102324.0,837.0,820.0,603.0
city25,2020,488.0,16.0,319.0,254.0,22797.0,56982.0,38272.0,64884.0,33942.0,56980.0,2.0,78.0,110876.0,872.0,854.0,608.0
city25,2021,419.0,,,,23481.0,59952.0,38700.0,68007.0,34455.0,59952.0,2.0,78.0,111284.0,960.0,940.0,614.0
city25,2022,,,,,27450.0,65436.0,45360.0,73869.0,40476.0,65436.0,2.0,79.0,111284.0,974.0,,
city26,2001,,,,,,,,,,,,,9244.0,981.0,751.0,
city26,2002,,,,,,,,,,,,,10588.0,978.0,,
city26,2003,,185.0,140.0,71.0,,,,,,,,,12108.0,975.0,,
city26,2004,,172.0,160.0,99.0,,,,,,,,,13544.0,972.0,,
city26,2005,,158.0,171.0,103.0,,,,,,,,,15900.0,967.0,,
city26,2006,,134.0,178.0,132.0,,,,,,,,47.0,18512.0,963.0,,
city26,2007,,108.0,191.0,150.0,,,,,,,,49.0,21660.0,962.0,725.0,770.0
city26,2008,,97.0,204.0,156.0,,,,,,,,50.0,25944.0,958.0,718.0,766.0
city26,2009,,90.0,201.0,163.0,,,,,,,,53.0,30852.0,955.0,715.0,764.0
city26,2010,,85.0,207.0,169.0,,,,,,,,56.0,35220.0,953.0,713.0,763.0
city26,2011,,81.0,216.0,167.0,,,,,,,,58.0,39444.0,954.0,728.0,763.0
city26,2012,,76.0,216.0,173.0,,,,,,,,59.0,44568.0,956.0,729.0,765.0
city26,2013,,115.0,214.0,140.0,,,,,,,,60.0,49396.0,956.0,730.0,765.0
city26,2014,,107.0,217.0,143.0,,,,,,,,61.0,58652.0,912.0,730.0,767.0
city26,2015,,102.0,216.0,144.0,,,,,,,,63.0,63292.0,728.0,730.0,768.0
city26,2016,,97.0,215.0,148.0,,,,,,,,64.0,66532.0,727.0,730.0,767.0
city26,2017,,96.0,213.0,149.0,,,,,,,,66.0,71740.0,4128.0,730.0,767.0
city26,2018,,96.0,213.0,149.0,,,,,,,,67.0,75312.0,,731.0,764.0
city26,2019,,84.0,212.0,160.0,,,,,,,,70.0,79216.0,4106.0,731.0,763.0
city26,2020,,80.0,211.0,161.0,,,,,,,2.0,70.0,86796.0,4160.0,772.0,760.0
city26,2021,,72.0,204.0,210.0,,,,,,,2.0,71.0,92540.0,,773.0,756.0
city26,2022,,,,,,,,,,,2.0,,92540.0,,,
city27,2001,207.0,,,,,,,,,,1.0,,9124.0,2263.0,468.0,459.0
city27,2002,208.0,,,,,,,,,,2.0,,11928.0,,478.0,462.0
city27,2003,207.0,,,,,,,,,,3.0,,13564.0,2335.0,482.0,480.0
city27,2004,163.0,,,,,,,,,,3.0,,14424.0,2355.0,486.0,485.0
city27,2005,174.0,,,,,,,,,,3.0,72.0,15840.0,2387.0,493.0,488.0
city27,2006,180.0,,,,,,,,,,3.0,70.0,17112.0,2395.0,494.0,491.0
city27,2007,182.0,71.0,68.0,43.0,,,,,,,3.0,70.0,18956.0,2408.0,500.0,495.0
city27,2008,187.0,71.0,71.0,45.0,,,,,,,3.0,70.0,21564.0,2423.0,507.0,501.0
city27,2009,239.0,70.0,105.0,63.0,,,,,,,3.0,70.0,23084.0,2290.0,515.0,507.0
city27,2010,244.0,71.0,108.0,65.0,,,,,,,3.0,68.0,25384.0,2322.0,522.0,511.0
city27,2011,238.0,71.0,104.0,63.0,5958.0,6516.0,13218.0,15177.0,,,3.0,69.0,27740.0,2400.0,540.0,524.0
city27,2012,239.0,70.0,105.0,64.0,6585.0,7893.0,15744.0,17472.0,,,2.0,70.0,32784.0,2409.0,540.0,529.0
city27,2013,239.0,69.0,107.0,63.0,7296.0,9030.0,17985.0,20022.0,,,2.0,70.0,37716.0,2492.0,541.0,533.0
city27,2014,240.0,65.0,110.0,65.0,7944.0,10095.0,19548.0,22206.0,,,2.0,70.0,42644.0,2506.0,542.0,540.0
city27,2015,238.0,65.0,108.0,65.0,9525.0,11190.0,18036.0,21444.0,14562.0,17264.0,2.0,69.0,45936.0,2512.0,545.0,547.0
city27,2016,238.0,64.0,109.0,65.0,10797.0,12453.0,19350.0,23259.0,16179.0,18996.0,3.0,69.0,52296.0,2481.0,546.0,550.0
city27,2017,239.0,63.0,109.0,67.0,12018.0,13662.0,20721.0,25119.0,17532.0,20712.0,2.0,69.0,55864.0,2485.0,546.0,559.0
city27,2018,240.0,62.0,108.0,69.0,13344.0,14904.0,21777.0,27174.0,18789.0,22520.0,2.0,70.0,55864.0,2490.0,548.0,565.0
city27,2019,240.0,60.0,98.0,89.0,14052.0,16245.0,21996.0,29076.0,19185.0,24428.0,2.0,70.0,55864.0,2495.0,549.0,569.0
city27,2020,248.0,60.0,101.0,87.0,15372.0,17733.0,23853.0,31413.0,20943.0,26612.0,2.0,71.0,55864.0,2492.0,549.0,572.0
city27,2021,247.0,37.0,97.0,112.0,15741.0,18960.0,24048.0,32919.0,21255.0,28220.0,3.0,71.0,55864.0,2497.0,550.0,576.0
city27,2022,,,,,16914.0,20817.0,25266.0,35598.0,22491.0,30968.0,2.0,,55864.0,2509.0,,
city28,2001,,,,,,,,,,,3.0,,10176.0,,0.0,707.0
city28,2002,440.0,,,,,,,,,,4.0,,12720.0,,0.0,710.0
city28,2003,448.0,,,,,,,,,,4.0,35.0,14112.0,,0.0,716.0
city28,2004,451.0,1.0,64.0,42.0,,,,,,,4.0,36.0,15332.0,,0.0,721.0
city28,2005,460.0,1.0,73.0,42.0,,,,,,,3.0,64.0,17260.0,,0.0,731.0
city28,2006,467.0,1.0,80.0,44.0,,,,,,,3.0,61.0,20020.0,750.0,820.0,741.0
city28,2007,475.0,1.0,85.0,44.0,,,,,,,3.0,61.0,23456.0,759.0,829.0,749.0
city28,2008,482.0,1.0,84.0,46.0,,,,,,,3.0,61.0,27084.0,768.0,839.0,758.0
city28,2009,485.0,0.0,80.0,46.0,,,,,,,3.0,63.0,30232.0,774.0,846.0,762.0
city28,2010,489.0,1.0,75.0,47.0,,,,,,,3.0,63.0,33256.0,778.0,850.0,763.0
city28,2011,505.0,1.0,76.0,48.0,,,17529.0,24996.0,,,3.0,63.0,37800.0,798.0,872.0,764.0
city28,2012,511.0,0.0,78.0,50.0,,,19296.0,28566.0,,,3.0,63.0,43160.0,796.0,890.0,766.0
city28,2013,516.0,0.0,77.0,52.0,,,20391.0,32142.0,,,3.0,68.0,49052.0,823.0,903.0,770.0
city28,2014,518.0,0.0,87.0,60.0,,,22059.0,35226.0,,,3.0,68.0,55332.0,836.0,918.0,774.0
city28,2015,521.0,0.0,84.0,66.0,,,24015.0,38292.0,,,3.0,70.0,62096.0,851.0,935.0,781.0
city28,2016,524.0,0.0,83.0,67.0,,,26049.0,40368.0,,,3.0,72.0,69464.0,860.0,945.0,783.0
city28,2017,524.0,0.0,77.0,68.0,,,28284.0,43596.0,,,3.0,73.0,76616.0,875.0,961.0,791.0
city28,2018,524.0,0.0,75.0,71.0,,,30567.0,47175.0,,,3.0,74.0,83536.0,861.0,972.0,803.0
city28,2019,525.0,0.0,70.0,75.0,,,32889.0,50817.0,,,3.0,74.0,90840.0,870.0,981.0,818.0
city28,2020,524.0,0.0,62.0,85.0,,,29499.0,45450.0,,,3.0,76.0,103124.0,880.0,992.0,831.0
city28,2021,526.0,,,,,,35934.0,55902.0,,,3.0,77.0,116112.0,896.0,1011.0,837.0
city28,2022,,,,,,,38571.0,60237.0,,,3.0,77.0,116112.0,909.0,,
city29,2001,,,,,,,,,,,3.0,,13204.0,,,
city29,2002,,,,,,,,,,,3.0,,16232.0,,,
city29,2003,237.0,,,,,,,,,,4.0,,18832.0,,,
city29,2004,310.5,122.0,127.0,109.0,,,,,,,4.0,,20996.0,,,
city29,2005,317.0,106.0,137.0,121.0,,,,,,,4.0,,24880.0,,,
city29,2006,321.5,104.0,140.0,125.0,,,,,,,4.0,51.0,31076.0,605.0,569.0,560.0
city29,2007,326.0,101.0,143.0,126.0,,,,,,,4.0,51.0,31944.0,607.0,571.0,565.0
city29,2008,333.5,89.0,153.0,132.0,,,,,,,4.0,51.0,33360.0,610.0,573.0,569.0
city29,2009,344.5,84.0,157.0,134.0,,,,,,,4.0,52.0,34128.0,611.0,574.0,574.0
city29,2010,363.0,78.0,162.0,138.0,,,,,,,4.0,56.0,36820.0,612.0,576.0,578.0
city29,2011,347.5,75.0,160.0,132.0,,,,,,,4.0,56.0,40564.0,635.0,597.0,583.0
city29,2012,366.0,76.0,162.0,133.0,,,,,,,3.0,57.0,42196.0,638.0,600.0,587.0
city29,2013,334.5,75.0,171.0,143.0,,,,,,,3.0,58.0,47008.0,639.0,601.0,591.0
city29,2014,339.0,75.0,175.0,147.0,13641.0,28215.0,24028.0,36480.0,,,3.0,60.0,50512.0,642.0,604.0,594.0
city29,2015,342.0,74.0,179.0,150.0,15306.0,30948.0,26456.0,39762.0,21639.0,30948.0,2.0,60.0,54836.0,640.0,602.0,597.0
city29,2016,345.0,72.0,182.0,153.0,17100.0,33786.0,28892.0,43266.0,23820.0,33788.0,2.0,61.0,57212.0,644.0,605.0,597.0
city29,2017,344.0,70.0,181.0,152.0,18597.0,36915.0,30020.0,47160.0,25143.0,36912.0,2.0,62.0,64816.0,647.0,608.0,600.0
city29,2018,345.5,69.0,182.0,155.0,19707.0,40437.0,32512.0,51372.0,27129.0,40436.0,2.0,63.0,70824.0,651.0,612.0,604.0
city29,2019,346.5,68.0,184.0,156.0,21510.0,43971.0,35100.0,55704.0,29421.0,43972.0,2.0,64.0,77672.0,608.0,614.0,605.0
city29,2020,346.5,67.0,184.0,158.0,23364.0,47988.0,37616.0,60351.0,31767.0,47988.0,2.0,62.0,85576.0,609.0,614.0,606.0
city29,2021,269.0,,,,23001.0,50643.0,36128.0,62598.0,30969.0,50640.0,1.0,63.0,91304.0,656.0,662.0,606.0
city29,2022,,,,,26838.0,55497.0,42096.0,68052.0,36225.0,55496.0,1.0,64.0,91304.0,660.0,,
city30,2001,,,,,,,,,,,,,8004.0,612.0,457.0,
city30,2002,,,,,,,,,,,,,8980.0,617.0,,
city30,2003,,111.0,44.0,54.0,,,,,,,4.0,,10076.0,619.0,,
city30,2004,,106.0,43.0,53.0,,,,,,,4.0,,11260.0,624.0,,
city30,2005,,103.0,50.0,61.0,,,,,,,4.0,,12712.0,625.0,,
city30,2006,,100.0,59.0,68.0,,,,,,,4.0,39.0,15040.0,630.0,,
city30,2007,,95.0,72.0,75.0,,,,,,,4.0,41.0,17760.0,639.0,451.0,479.0
city30,2008,,93.0,81.0,99.0,,,,,,,3.0,42.0,21484.0,643.0,447.0,482.0
city30,2009,,93.0,83.0,101.0,,,,,,,3.0,43.0,26492.0,651.0,446.0,488.0
city30,2010,,93.0,92.0,106.0,,,,,,,2.75,52.0,29548.0,654.0,445.0,491.0
city30,2011,,92.0,96.0,114.0,,,,,,,2.5,53.0,33836.0,664.0,440.0,498.0
city30,2012,,88.0,101.0,119.0,,,,,,,2.25,54.0,38816.0,663.0,439.0,505.0
city30,2013,,83.0,78.0,89.0,,,,24342.0,,,2.0,56.0,44128.0,671.0,441.0,511.0
city30,2014,,82.0,78.0,90.0,,,,26898.0,,,2.0,57.0,46244.0,582.0,443.0,520.0
city30,2015,,79.0,81.0,91.0,,11697.0,,23595.0,,,2.0,59.0,52612.0,691.0,445.0,527.0
city30,2016,,79.0,81.0,91.0,,12777.0,,25728.0,,,2.0,60.0,56152.0,697.0,447.0,531.0
city30,2017,,79.0,81.0,91.0,,13932.0,,27852.0,,,2.0,62.0,61260.0,1464.0,450.0,534.0
city30,2018,,79.0,81.0,91.0,,15273.0,,30291.0,,,2.0,63.0,69724.0,,452.0,533.0
city30,2019,,78.0,82.0,91.0,,16605.0,,32748.0,,,2.0,61.0,75808.0,1534.0,452.0,534.0
city30,2020,,76.0,73.0,101.0,,18060.0,,35388.0,,,2.0,62.0,92008.0,1534.0,459.0,534.0
city30,2021,,70.0,77.0,106.0,,19236.0,,36720.0,,,2.0,62.0,100208.0,,460.0,534.0
city30,2022,,,,,,21372.0,,39861.0,,,2.0,,100208.0,,,
city31,2001,169.5,,,,,,,,,,2.0,,9100.0,414.0,396.0,381.0
city31,2002,173.5,,,,,,,,,,3.0,,10260.0,2315.0,403.0,381.0
city31,2002,173.5,,,,,,,,,,3.0,,10260.0,422.0,403.0,381.0
city31,2003,179.0,,,,,,,,,,3.0,,11168.0,424.0,405.0,381.0
city31,2004,143.5,,,,,,,,,,3.0,,12404.0,426.0,406.0,382.0
city31,2005,165.0,,,,,,,,,,3.0,57.0,13736.0,430.0,410.0,386.0
city31,2006,168.0,,,,,,,,,,3.0,49.0,15028.0,430.0,410.0,386.0
city31,2007,170.5,85.0,81.0,55.0,,,,,,,3.0,49.0,16660.0,431.0,415.0,387.0
city31,2008,177.0,86.0,89.0,58.0,,,,,,,3.0,49.0,19376.0,432.0,421.0,388.0
city31,2009,180.0,80.0,93.0,60.0,,,,,,,3.0,50.0,21672.0,449.0,428.0,390.0
city31,2010,185.0,82.0,91.0,60.0,,,,,,,2.0,62.0,29582.0,458.0,437.0,392.0
city31,2011,169.0,78.0,106.0,66.0,6411.0,8586.0,15558.0,21150.0,,,2.0,63.0,37492.0,467.0,445.0,392.0
city31,2012,173.5,77.0,110.0,66.0,7608.0,9993.0,17076.0,23922.0,,,2.0,63.0,31908.0,468.0,448.0,394.0
city31,2013,170.5,76.0,105.0,67.0,8355.0,11343.0,18447.0,27015.0,,,2.0,64.0,37984.0,472.0,451.0,392.0
city31,2014,169.5,79.0,100.0,66.0,9396.0,12684.0,19905.0,29772.0,,,2.0,64.0,42848.0,473.0,453.0,393.0
city31,2015,170.0,81.0,96.0,66.0,9189.0,12744.0,16761.0,24975.0,14256.0,20584.0,2.0,64.0,48164.0,475.0,456.0,393.0
city31,2016,170.0,79.0,96.0,68.0,10323.0,13815.0,18330.0,27114.0,15609.0,22364.0,2.0,64.0,54104.0,482.0,458.0,391.0
city31,2017,171.0,79.0,96.0,69.0,11583.0,15225.0,20457.0,29556.0,17280.0,24424.0,2.0,64.0,61364.0,486.0,462.0,394.0
city31,2018,170.5,79.0,97.0,69.0,12654.0,16473.0,22905.0,32475.0,19302.0,26848.0,2.0,65.0,61364.0,489.0,465.0,396.0
city31,2019,171.0,78.0,87.0,116.0,13041.0,18153.0,23235.0,35463.0,19749.0,29544.0,2.0,66.0,61364.0,495.0,470.0,399.0
city31,2020,188.5,78.0,87.0,108.0,13641.0,19872.0,25677.0,38595.0,21645.0,32320.0,2.0,68.0,61364.0,498.0,475.0,400.0
city31,2021,194.0,32.0,84.0,141.0,14727.0,21129.0,25476.0,39921.0,21897.0,33664.0,2.0,68.0,61364.0,504.0,480.0,402.0
city31,2022,,,,,16422.0,23376.0,27912.0,43620.0,24192.0,37068.0,2.0,,61364.0,507.0,,
city32,2001,,,,,,,,,,,3.0,,9300.0,,,408.0
city32,2002,250.0,,,,,,,,,,3.0,,10532.0,,,410.0
city32,2003,244.0,,,,,,,,,,4.0,44.0,12020.0,,,412.0
city32,2004,247.0,0.0,29.0,18.0,,,,,,,4.0,44.0,13400.0,,,413.0
city32,2005,223.0,0.0,29.0,18.0,,,,,,,3.0,44.0,15080.0,,,415.0
city32,2006,254.0,0.0,38.0,19.0,,,,,,,3.0,44.0,17164.0,745.0,442.0,417.0
city32,2007,252.0,0.0,39.0,18.0,,,,,,,3.0,44.0,19928.0,751.0,446.0,418.0
city32,2008,254.0,0.0,38.0,19.0,,,,,,,3.0,44.0,23264.0,755.0,448.0,420.0
city32,2009,244.0,0.0,39.0,20.0,,,,,,,3.0,43.0,26340.0,759.0,451.0,421.0
city32,2010,243.0,0.0,40.0,21.0,,,,,,,3.0,43.0,29948.0,760.0,451.0,421.0
city32,2011,250.0,0.0,41.0,22.0,,,13722.0,21783.0,,,3.0,47.0,33896.0,760.0,453.0,422.0
city32,2012,268.0,0.0,47.0,25.0,,,15993.0,24954.0,,,3.0,47.0,37940.0,764.0,456.0,424.0
city32,2013,274.0,0.0,51.0,26.0,,,16917.0,28188.0,,,3.0,65.0,41996.0,768.0,458.0,424.0
city32,2014,316.0,0.0,65.0,28.0,,,18423.0,30888.0,,,3.0,66.0,47180.0,770.0,459.0,425.0
city32,2015,319.0,0.0,63.0,29.0,,,19902.0,33534.0,,,3.0,67.0,51140.0,774.0,462.0,428.0
city32,2016,321.0,0.0,59.0,29.0,,,22119.0,33792.0,,,3.0,69.0,56780.0,778.0,464.0,430.0
city32,2017,321.0,0.0,55.0,29.0,,,23697.0,36435.0,,,3.0,70.0,61928.0,788.0,469.0,432.0
city32,2018,292.0,0.0,52.0,29.0,,,25260.0,39408.0,,,3.0,71.0,67000.0,789.0,471.0,433.0
city32,2019,282.0,0.0,49.0,28.0,,,26973.0,42276.0,,,2.0,72.0,71432.0,788.0,470.0,434.0
city32,2020,275.0,0.0,39.0,30.0,,,24537.0,37542.0,,,2.0,74.0,78812.0,787.0,470.0,435.0
city32,2021,227.0,,,,,,29469.0,46413.0,,,2.0,75.0,84756.0,789.0,471.0,434.0
city32,2022,,,,,,,31674.0,50094.0,,,3.0,75.0,84756.0,789.0,,
city33,2001,,,,,,,,,,,,,12496.0,,,
city33,2002,,,,,,,,,,,1.0,,15172.0,,,
city33,2003,325.0,,,,,,,,,,4.0,,17240.0,,,
city33,2004,383.0,125.0,143.0,177.0,,,,,,,3.0,,18912.0,,,
city33,2005,383.0,103.0,192.0,153.0,,,,,,,3.0,,19576.0,,,
city33,2006,403.0,102.0,193.0,193.0,,,,,,,2.0,60.0,21684.0,659.0,778.0,750.0
city33,2007,413.5,82.0,236.0,191.0,,,,,,,3.0,60.0,23020.0,661.0,780.0,756.0
city33,2008,423.5,92.0,241.0,184.0,,,,,,,2.0,61.0,25992.0,670.0,790.0,765.0
city33,2009,436.5,81.0,261.0,195.0,,,,,,,3.0,61.0,29592.0,678.0,800.0,772.0
city33,2010,444.5,86.0,262.0,198.0,,,,,,,2.0,66.0,33888.0,684.0,808.0,779.0
city33,2011,453.5,75.0,273.0,210.0,,,,,,,2.0,66.0,37604.0,773.0,912.0,787.0
city33,2012,466.5,73.0,229.0,274.0,,,,,,,2.0,67.0,42344.0,775.0,914.0,798.0
city33,2013,513.0,67.0,245.0,265.0,,,,,,,2.0,67.0,48212.0,769.0,916.0,800.0
city33,2014,510.0,67.0,248.0,260.0,,30600.0,,,,,2.0,67.0,54588.0,779.0,920.0,807.0
city33,2015,507.0,64.0,277.0,227.0,,33477.0,,,22866.0,33476.0,2.0,68.0,59900.0,749.0,907.0,814.0
city33,2016,510.0,64.0,284.0,227.0,,36459.0,,,24798.0,36456.0,2.0,69.0,64412.0,753.0,912.0,811.0
city33,2017,510.0,62.0,276.0,236.0,,39600.0,,,26232.0,39600.0,2.0,70.0,70068.0,758.0,918.0,818.0
city33,2018,510.5,62.0,276.0,237.0,,43185.0,,,28626.0,43184.0,2.0,70.0,75880.0,762.0,922.0,825.0
city33,2019,504.0,62.0,275.0,238.0,,46920.0,,,31212.0,46920.0,2.0,71.0,82836.0,764.0,925.0,829.0
city33,2020,503.0,61.0,270.0,245.0,,51489.0,,,34107.0,51488.0,2.0,72.0,90676.0,769.0,930.0,832.0
city33,2021,418.0,,,,,54024.0,,,34281.0,54024.0,2.0,73.0,96772.0,791.0,956.0,834.0
city33,2022,,,,,,59586.0,,,39900.0,59588.0,2.0,74.0,96772.0,797.0,,
city34,2001,,,,,,,,,,,,,7736.0,531.0,795.0,
city34,2002,,,,,,,,,,,,,8608.0,531.0,,
city34,2003,,146.0,68.0,111.0,,,,,,,,,9688.0,531.0,,
city34,2004,,131.0,80.0,112.0,,,,,,,,,10616.0,532.0,,
city34,2005,,118.0,87.0,113.0,,,,,,,,,11948.0,533.0,,
city34,2006,,116.0,88.0,114.0,,,,,,,,43.0,13648.0,471.0,,
city34,2007,,115.0,89.0,115.0,,,,,,,,44.0,15688.0,474.0,769.0,805.0
city34,2008,,116.0,95.0,119.0,,,,,,,,45.0,18848.0,477.0,758.0,810.0
city34,2009,,124.0,101.0,111.0,,,,,,,,46.0,22380.0,478.0,752.0,812.0
city34,2010,,114.0,105.0,123.0,,,,,,,,53.0,26672.0,479.0,748.0,812.0
city34,2011,,111.0,110.0,127.0,,,,,,,,54.0,30460.0,481.0,726.0,816.0
city34,2012,,107.0,117.0,133.0,,,,,,,,56.0,35496.0,484.0,724.0,821.0
city34,2013,,140.0,143.0,165.0,,,,,,,,57.0,40356.0,485.0,722.0,822.0
city34,2014,,133.0,147.0,167.0,,,,,,,,59.0,44268.0,425.0,722.0,824.0
city34,2015,,126.0,151.0,168.0,,,,,,,,60.0,48140.0,489.0,722.0,829.0
city34,2016,,115.0,157.0,174.0,,,,,,,,62.0,53444.0,489.0,723.0,828.0
city34,2017,,110.0,160.0,176.0,,,,,,,,63.0,58204.0,2230.0,724.0,831.0
city34,2018,,110.0,160.0,176.0,,,,,,,,64.0,64280.0,,724.0,826.0
city34,2019,,96.0,159.0,177.0,,,,,,,,63.0,71404.0,2206.0,720.0,825.0
city34,2020,,95.0,159.0,177.0,,,,,,,,64.0,84776.0,2306.0,671.0,821.0
city34,2021,,85.0,153.0,180.0,,,,,,,,65.0,89724.0,,671.0,814.0
city35,2001,315.0,,,,,,,,,,3.0,,7080.0,487.0,603.0,695.0
city35,2002,310.0,,,,,,,,,,3.0,,9516.0,499.0,622.0,701.0
city35,2003,316.0,,,,,,,,,,3.0,,10516.0,508.0,634.0,707.0
city35,2004,295.0,,,,,,,,,,3.0,,12032.0,517.0,645.0,714.0
city35,2005,300.0,,,,,,,,,,3.0,40.0,13580.0,530.0,661.0,716.0
city35,2006,305.0,,,,,,,,,,3.0,39.0,15076.0,536.0,669.0,718.0
city35,2007,312.0,209.0,37.0,66.0,,,,,,,3.0,39.0,16944.0,537.0,686.0,737.0
city35,2008,312.0,211.0,35.0,66.0,,,,,,,3.0,39.0,19884.0,546.0,688.0,745.0
city35,2009,313.0,206.0,39.0,68.0,,,,,,,3.0,39.0,21808.0,523.0,691.0,754.0
city35,2010,312.0,196.0,42.0,74.0,,,,,,,3.0,37.0,23940.0,524.0,693.0,763.0
city35,2011,320.0,202.0,42.0,76.0,4578.0,6909.0,11823.0,15303.0,,,3.0,37.0,26788.0,530.0,700.0,778.0
city35,2012,329.0,204.0,47.0,78.0,5631.0,8256.0,14055.0,17583.0,,,3.0,38.0,29820.0,535.0,707.0,792.0
city35,2013,332.0,203.0,48.0,81.0,6909.0,9561.0,15615.0,20226.0,,,3.0,39.0,33960.0,536.0,711.0,785.0
city35,2014,336.0,202.0,51.0,83.0,7905.0,10689.0,17115.0,22371.0,,,2.0,40.0,40532.0,540.0,717.0,804.0
city35,2015,341.0,205.0,51.0,85.0,8517.0,11379.0,15921.0,21315.0,11436.0,15300.0,2.0,39.0,45452.0,544.0,699.0,819.0
city35,2016,341.0,204.0,52.0,86.0,9180.0,12405.0,17091.0,23127.0,12273.0,16628.0,2.0,39.0,50176.0,527.0,699.0,823.0
city35,2017,344.0,205.0,52.0,87.0,9921.0,13335.0,18414.0,24885.0,13302.0,17932.0,2.0,40.0,55564.0,527.0,698.0,835.0
city35,2018,345.0,205.0,52.0,87.0,10731.0,14481.0,20013.0,27117.0,14511.0,19628.0,2.0,41.0,55564.0,527.0,698.0,839.0
city35,2019,344.0,196.0,52.0,147.0,11730.0,15888.0,20214.0,29046.0,15300.0,21424.0,2.0,43.0,55564.0,526.0,698.0,848.0
city35,2020,336.0,193.0,53.0,145.0,12729.0,17340.0,21057.0,31239.0,16311.0,23320.0,2.0,45.0,55564.0,526.0,698.0,854.0
city35,2021,321.0,97.0,75.0,149.0,13071.0,18756.0,21006.0,32925.0,16557.0,24984.0,2.0,46.0,55564.0,526.0,698.0,860.0
city35,2022,,,,,15180.0,20691.0,23268.0,35988.0,18858.0,27644.0,2.0,,55564.0,530.0,,
city36,2001,,,,,,,,,,,2.0,,6872.0,,,358.0
city36,2002,202.0,,,,,,,,,,3.0,,7668.0,,,360.0
city36,2003,207.0,,,,,,,,,,3.0,32.0,9188.0,,,362.0
city36,2004,212.0,1.0,16.0,15.0,,,,,,,4.0,33.0,10508.0,,,364.0
city36,2005,204.0,1.0,16.0,16.0,,,,,,,4.0,46.0,12868.0,,,365.0
city36,2006,226.0,0.0,20.0,15.0,,,,,,,3.0,47.0,14832.0,791.0,360.0,367.0
city36,2007,229.0,0.0,20.0,15.0,,,,,,,3.0,47.0,16832.0,796.0,362.0,372.0
city36,2008,234.0,0.0,19.0,15.0,,,,,,,3.0,48.0,21112.0,800.0,364.0,380.0
city36,2009,218.0,0.0,19.0,16.0,,,,,,,3.0,48.0,24680.0,802.0,365.0,383.0
city36,2010,225.0,0.0,18.0,16.0,,,,,,,3.0,47.0,26984.0,806.0,367.0,387.0
city36,2011,232.0,0.0,19.0,17.0,,,11409.0,17628.0,,,3.0,48.0,30440.0,818.0,373.0,391.0
city36,2012,239.0,0.0,23.0,15.0,,,13461.0,20193.0,,,3.0,49.0,34976.0,822.0,375.0,394.0
city36,2013,244.0,0.0,25.0,16.0,,,14916.0,22959.0,,,2.0,50.0,38988.0,827.0,377.0,395.0
city36,2014,291.0,0.0,32.0,19.0,,,16200.0,25236.0,,,2.0,51.0,42496.0,833.0,380.0,396.0
city36,2015,294.0,0.0,29.0,19.0,,,17586.0,27594.0,,,2.0,53.0,47188.0,840.0,383.0,401.0
city36,2016,295.0,0.0,28.0,19.0,,,14742.0,25791.0,,,2.0,55.0,49672.0,850.0,388.0,408.0
city36,2017,296.0,0.0,26.0,19.0,,,15930.0,27705.0,,,2.0,57.0,53792.0,858.0,392.0,413.0
city36,2018,296.0,0.0,24.0,19.0,,,17247.0,29922.0,,,2.0,59.0,58352.0,859.0,392.0,418.0
city36,2019,250.0,0.0,19.0,18.0,,,18546.0,32001.0,,,3.0,59.0,63408.0,861.0,393.0,423.0
city36,2020,238.0,0.0,16.0,19.0,,,15822.0,26289.0,,,2.0,59.0,70788.0,862.0,393.0,425.0
city36,2021,197.0,,,,,,20370.0,35097.0,,,2.0,60.0,75428.0,845.0,386.0,426.0
city36,2022,,,,,,,22029.0,37842.0,,,2.0,61.0,75428.0,844.0,,
city37,2001,,,,,,,,,,,,,9732.0,679.0,459.0,
city37,2002,,,,,,,,,,,,,10760.0,680.0,,
city37,2003,,65.0,79.0,75.0,,,,,,,5.0,,12004.0,682.0,,
city37,2004,,58.0,90.0,76.0,,,,,,,5.0,,13800.0,684.0,,
city37,2005,,53.0,97.0,78.0,,,,,,,4.0,,15732.0,685.0,,
city37,2006,,50.0,105.0,81.0,,,,,,,4.0,49.0,18160.0,688.0,,
city37,2007,,47.0,112.0,84.0,,,,,,,3.0,50.0,20844.0,691.0,446.0,459.0
city37,2008,,45.0,128.0,86.0,,,,,,,3.0,51.0,24284.0,692.0,446.0,459.0
city37,2009,,43.0,136.0,94.0,,,,,,,3.0,53.0,27320.0,693.0,447.0,460.0
city37,2010,,40.0,145.0,101.0,,,,,,,3.0,57.0,30604.0,692.0,450.0,459.0
city37,2011,,39.0,152.0,107.0,,,,,,,2.0,58.0,35432.0,697.0,446.0,459.0
city37,2012,,35.0,156.0,112.0,,,,,,,2.0,59.0,40284.0,698.0,446.0,460.0
city37,2013,,53.0,121.0,92.0,,,,,,,2.0,60.0,47796.0,696.0,447.0,458.0
city37,2014,,52.0,121.0,93.0,,,,,,,2.0,61.0,52656.0,643.0,447.0,460.0
city37,2015,,51.0,118.0,97.0,,,,,,,2.0,63.0,57140.0,700.0,448.0,461.0
city37,2016,,48.0,118.0,98.0,,,,,,,2.0,64.0,63888.0,699.0,448.0,461.0
city37,2017,,46.0,116.0,101.0,,,,,,,2.0,66.0,67608.0,2808.0,449.0,462.0
city37,2018,,46.0,116.0,101.0,,,,,,,2.0,67.0,71660.0,,451.0,460.0
city37,2019,,39.0,120.0,107.0,,,,,,,2.0,69.0,75996.0,2936.0,453.0,459.0
city37,2020,,37.0,115.0,116.0,,,,,,,2.0,71.0,81836.0,2960.0,455.0,457.0
city37,2021,,41.0,103.0,128.0,,,,,,,2.5,71.0,87872.0,,456.0,455.0
city37,2022,,,,,,,,,,,3.0,,87872.0,,,
city38,2001,203.0,,,,,,,,,,3.0,,8988.0,227.0,338.0,387.0
city38,2002,204.0,,,,,,,,,,3.0,,9668.0,234.0,347.0,389.0
city38,2003,204.0,,,,,,,,,,3.0,,11184.0,237.0,352.0,391.0
city38,2004,194.0,,,,,,,,,,3.0,,13068.0,240.0,357.0,393.0
city38,2005,201.0,,,,,,,,,,3.0,39.0,14912.0,245.0,364.0,394.0
city38,2006,215.0,,,,,,,,,,3.0,45.0,16860.0,247.0,368.0,396.0
city38,2007,217.0,107.0,55.0,55.0,,,,,,,3.0,45.0,18412.0,249.0,376.0,405.0
city38,2008,220.0,108.0,56.0,57.0,,,,,,,3.0,45.0,20832.0,253.0,378.0,408.0
city38,2009,238.0,116.0,60.0,63.0,,,,,,,3.0,45.0,23384.0,257.0,381.0,410.0
city38,2010,236.0,115.0,58.0,63.0,,,,,,,2.0,42.0,26316.0,259.0,384.0,414.0
city38,2011,213.0,119.0,49.0,45.0,5079.0,7524.0,12162.0,16830.0,,,2.0,42.0,30112.0,265.0,392.0,422.0
city38,2012,215.0,117.0,52.0,46.0,6159.0,9012.0,14019.0,19038.0,,,3.0,43.0,34112.0,267.0,394.0,427.0
city38,2013,216.0,116.0,52.0,47.0,6429.0,10365.0,15726.0,21753.0,,,2.0,44.0,39152.0,267.0,396.0,428.0
city38,2014,216.0,116.0,52.0,48.0,7500.0,11661.0,17160.0,23928.0,,,2.0,44.0,44656.0,270.0,399.0,430.0
city38,2015,218.0,114.0,54.0,50.0,7995.0,12642.0,15213.0,21723.0,11490.0,17332.0,2.0,44.0,49048.0,271.0,399.0,434.0
city38,2016,218.0,112.0,55.0,51.0,8934.0,13980.0,16359.0,23745.0,12552.0,18988.0,2.0,45.0,54468.0,269.0,400.0,438.0
city38,2017,220.0,106.0,57.0,57.0,9975.0,15114.0,17880.0,25905.0,13926.0,20576.0,2.0,45.0,59588.0,270.0,402.0,444.0
city38,2018,221.0,107.0,57.0,58.0,10923.0,16428.0,18945.0,28275.0,14865.0,22360.0,2.0,47.0,59588.0,271.0,404.0,446.0
city38,2019,225.0,105.0,48.0,83.0,11358.0,17694.0,19983.0,30678.0,15504.0,24068.0,2.0,49.0,59588.0,273.0,407.0,450.0
city38,2020,203.0,104.0,49.0,78.0,12510.0,19215.0,21684.0,33258.0,17019.0,26120.0,2.0,51.0,59588.0,275.0,409.0,454.0
city38,2021,201.0,51.0,46.0,104.0,12789.0,20625.0,20988.0,34752.0,16776.0,27496.0,2.0,52.0,59588.0,276.0,412.0,455.0
city38,2022,,,,,14997.0,22686.0,23028.0,37791.0,19092.0,30392.0,3.0,,59588.0,277.0,,
city39,2001,,,,,,,,,,,2.0,,15328.0,,,172.0
city39,2002,105.0,,,,,,,,,,2.0,,17684.0,,,174.0
city39,2003,106.0,,,,,,,,,,2.0,32.0,19172.0,,,175.0
city39,2004,107.0,0.0,22.0,9.0,,,,,,,2.0,33.0,21180.0,,,177.0
city39,2005,100.0,0.0,21.0,10.0,,,,,,,2.0,43.0,24264.0,,,179.0
city39,2006,110.0,0.0,22.0,12.0,,,,,,,2.0,43.0,26004.0,246.0,195.0,181.0
city39,2007,111.0,0.0,22.0,13.0,,,,,,,2.0,42.0,27608.0,249.0,197.0,182.0
city39,2008,111.0,0.0,22.0,14.0,,,,,,,2.0,42.0,30132.0,251.0,199.0,183.0
city39,2009,107.0,1.0,22.0,15.0,,,,,,,2.0,43.0,33672.0,253.0,200.0,184.0
city39,2010,110.0,1.0,22.0,16.0,,,,,,,2.0,44.0,36920.0,255.0,202.0,185.0
city39,2011,116.0,1.0,23.0,17.0,,,14742.0,23793.0,,,2.0,44.0,41196.0,257.0,204.0,185.0
city39,2012,126.0,1.0,29.0,16.0,,,17529.0,27342.0,,,2.0,43.0,45608.0,259.0,206.0,186.0
city39,2013,129.0,0.0,29.0,17.0,,,18000.0,30951.0,,,2.0,63.0,50192.0,262.0,207.0,186.0
city39,2014,148.0,0.0,32.0,17.0,,,19566.0,33981.0,,,2.0,64.0,56812.0,263.0,208.0,187.0
city39,2015,150.0,0.0,31.0,17.0,,,21924.0,36939.0,,,2.0,66.0,60772.0,265.0,210.0,189.0
city39,2016,151.0,0.0,27.0,17.0,,,23139.0,38733.0,,,2.0,67.0,67464.0,266.0,211.0,191.0
city39,2017,151.0,0.0,26.0,17.0,,,24876.0,41577.0,,,2.0,68.0,73128.0,268.0,213.0,193.0
city39,2018,143.0,0.0,23.0,17.0,,,26871.0,44763.0,,,3.0,69.0,76936.0,271.0,215.0,195.0
city39,2019,133.0,0.0,21.0,16.0,,,28899.0,47910.0,,,3.0,69.0,89500.0,264.0,217.0,197.0
city39,2020,130.0,0.0,20.0,18.0,,,25359.0,40602.0,,,3.0,71.0,100224.0,264.0,218.0,198.0
city39,2021,124.0,,,,,,31284.0,52683.0,,,3.0,72.0,107268.0,266.0,219.0,198.0
city39,2022,,,,,,,33525.0,56625.0,,,2.0,72.0,107268.0,,,
city40,2001,,,,,,,,,,,3.0,,10276.0,694.0,284.0,
city40,2002,,,,,,,,,,,4.0,,11740.0,694.0,,
city40,2003,,44.0,55.0,42.0,,,,,,,4.0,,13192.0,694.0,,
city40,2004,,39.0,60.0,41.0,,,,,,,4.0,,15260.0,695.0,,
city40,2005,,37.0,63.0,45.0,,,,,,,4.0,,17380.0,695.0,,
city40,2006,,35.0,68.0,45.0,,,,,,,4.0,59.0,19888.0,696.0,,
city40,2007,,33.0,75.0,46.0,,,,,,,3.0,60.0,22920.0,699.0,300.0,269.0
city40,2008,,30.0,81.0,46.0,,,,,,,3.0,60.0,27024.0,699.0,302.0,269.0
city40,2009,,32.0,84.0,49.0,,,,,,,3.0,60.0,30956.0,699.0,304.0,269.0
city40,2010,,32.0,88.0,54.0,,,,,,,3.0,62.0,34204.0,702.0,307.0,270.0
city40,2011,,34.0,90.0,58.0,,,,,,,3.0,63.0,37672.0,704.0,311.0,271.0
city40,2012,,26.0,96.0,69.0,,,,,,,2.5,64.0,42660.0,707.0,313.0,272.0
city40,2013,,24.0,92.0,76.0,,,,,,,2.0,65.0,47624.0,705.0,315.0,271.0
city40,2014,,24.0,91.0,77.0,,,,,,,2.0,67.0,54748.0,823.0,317.0,272.0
city40,2015,,24.0,90.0,79.0,,,,,,,2.0,68.0,58640.0,709.0,317.0,272.0
city40,2016,,23.0,89.0,81.0,,,,,,,2.0,69.0,63364.0,708.0,318.0,272.0
city40,2017,,22.0,88.0,84.0,,,,,,,2.0,71.0,68872.0,1603.0,318.0,272.0
city40,2018,,22.0,88.0,84.0,,,,,,,2.0,71.0,75312.0,,319.0,271.0
city40,2019,,22.0,85.0,88.0,,,,,,,2.0,78.0,79608.0,1600.0,320.0,271.0
city40,2020,,22.0,84.0,90.0,,,,,,,2.0,80.0,87012.0,1600.0,320.0,270.0
city40,2021,,20.0,79.0,100.0,,,,,,,2.0,80.0,93128.0,,321.0,65.0
city40,2022,,,,,,,,,,,3.0,,93128.0,,,
city3,2000,309.0,,,,,,,,,,3.0,99.41176470588239,23036.0,,,
city3,2001,333.0,,,,,,,,,,2.0,99.41176470588239,23036.0,3710.0,701.0,125.0
city3,2002,359.0,,,,,,,,,,2.0,99.41176470588239,25940.0,3823.0,725.0,132.0
city3,2003,422.0,,,,,,,,,,3.0,99.41176470588239,28216.0,3985.0,747.0,139.0
city3,2004,456.0,,,,,,,,,,3.0,99.41176470588239,30608.0,4101.0,778.0,151.0
city3,2005,576.0,,,,,,,,,,2.0,99.41176470588239,31928.0,4239.0,801.0,165.0
city3,2006,648.0,2.0,372.0,274.0,,,,,,,2.0,99.41176470588239,32476.0,4334.0,828.0,182.0
city3,2007,656.0,1.0,355.0,300.0,,,,,,,2.0,99.41176470588239,35104.0,4412.0,871.0,197.0
city3,2008,670.0,1.0,362.0,307.0,,,,,,,2.0,99.41176470588239,38796.0,4887.0,912.0,212.0
city3,2009,692.0,0.0,374.0,318.0,,,,,,,3.0,99.41176470588239,43452.0,5095.0,954.0,228.0
city3,2010,758.0,0.0,390.0,367.0,,,,,,,3.0,99.41176470588239,46720.0,5311.0,995.0,241.0
city3,2011,765.0,0.0,383.0,381.0,,,22804.0,36505.0,,,2.0,99.41176470588239,50456.0,5360.0,1037.0,251.0
city3,2012,771.0,0.0,373.0,398.0,,,24080.0,40740.0,,,2.0,99.41176470588239,55140.0,5282.0,1123.0,268.0
city3,2013,899.0,0.0,437.0,462.0,,,26728.0,44650.0,,,2.0,99.41176470588239,59008.0,5323.0,1196.0,288.0
city3,2014,900.0,0.0,432.0,468.0,,,28812.0,40945.0,,,2.0,99.41176470588239,62616.0,5398.0,1257.0,310.0
city3,2015,906.0,0.0,423.0,483.0,,,28852.0,44630.0,28852.0,40948.0,2.0,99.41176470588239,72648.0,7081.0,1318.0,332.0
city3,2016,926.0,0.0,418.0,508.0,,,32356.0,48695.0,32356.0,44632.0,2.0,99.41176470588239,81032.0,7518.0,1408.0,355.0
city3,2017,943.0,2.0,419.0,522.0,,,36480.0,52935.0,36480.0,48692.0,2.0,99.41176470588239,89756.0,7947.0,1495.0,385.0
city3,2018,1050.0,2.0,515.0,775.0,,,38320.0,57540.0,38320.0,52936.0,2.0,99.41176470588239,89756.0,8341.0,1587.0,435.0
city3,2019,1230.0,1.0,509.0,773.0,,,40532.0,62520.0,40532.0,57544.0,2.0,99.41176470588239,89756.0,8611.0,1666.0,455.0
city3,2020,1240.0,1.0,479.0,759.0,,,43112.0,64875.0,43112.0,62520.0,2.0,99.41176470588239,89756.0,8877.0,1710.0,495.0
city3,2021,1245.0,1.0,486.0,758.0,,,40580.0,70845.0,40580.0,64876.0,2.0,99.41176470588239,89756.0,8901.0,1763.0,514.0
city3,2022,,,,,,,46284.0,,46280.0,70842.0,2.0,99.41176470588239,89756.0,,,
